,char,unicode
0,あ,0x3042
1,愛,0x611b
2,委,0x59d4
3,壱,0x58f1
4,雲,0x96f2
5,円,0x5186
6,王,0x738b
7,何,0x4f55
8,火,0x706b
9,会,0x4f1a
10,階,0x968e
11,革,0x9769
12,官,0x5b98
13,館,0x9928
14,希,0x5e0c
15,い,0x3044
16,記,0x8a18
17,休,0x4f11
18,牛,0x725b
19,共,0x5171
20,曲,0x66f2
21,句,0x53e5
22,係,0x4fc2
23,芸,0x82b8
24,券,0x5238
25,険,0x967a
26,古,0x53e4
27,語,0x8a9e
28,口,0x53e3
29,港,0x6e2f
30,う,0x3046
31,合,0x5408
32,査,0x67fb
33,菜,0x83dc
34,刷,0x5237
35,蚕,0x8695
36,始,0x59cb
37,死,0x6b7b
38,資,0x8cc7
39,治,0x6cbb
40,質,0x8cea
41,弱,0x5f31
42,需,0x9700
43,習,0x7fd2
44,出,0x51fa
45,え,0x3048
46,暑,0x6691
47,小,0x5c0f
48,章,0x7ae0
49,状,0x72b6
50,深,0x6df1
51,図,0x56f3
52,政,0x653f
53,製,0x88fd
54,責,0x8cac
55,舌,0x820c
56,選,0x9078
57,倉,0x5009
58,増,0x5897
59,属,0x5c5e
60,お,0x304a
61,多,0x591a
62,隊,0x968a
63,短,0x77ed
64,竹,0x7af9
65,貯,0x8caf
66,直,0x76f4
67,提,0x63d0
68,転,0x8ee2
69,土,0x571f
70,等,0x7b49
71,童,0x7ae5
72,内,0x5185
73,熱,0x71b1
74,馬,0x99ac
75,か,0x304b
76,畑,0x7551
77,番,0x756a
78,美,0x7f8e
79,評,0x8a55
80,布,0x5e03
81,福,0x798f
82,平,0x5e73
83,弁,0x5f01
84,法,0x6cd5
85,毎,0x6bce
86,名,0x540d
87,目,0x76ee
88,輸,0x8f38
89,容,0x5bb9
90,が,0x304c
91,浴,0x6d74
92,略,0x7565
93,緑,0x7dd1
94,列,0x5217
95,話,0x8a71
96,き,0x304d
97,ゃ,0x3083
98,悪,0x60aa
99,意,0x610f
100,印,0x5370
101,営,0x55b6
102,園,0x5712
103,黄,0x9ec4
104,価,0x4fa1
105,花,0x82b1
106,解,0x89e3
107,貝,0x8c9d
108,学,0x5b66
109,幹,0x5e79
110,岸,0x5cb8
111,ぎ,0x304e
112,旗,0x65d7
113,貴,0x8cb4
114,宮,0x5bae
115,去,0x53bb
116,協,0x5354
117,極,0x6975
118,区,0x533a
119,兄,0x5144
120,欠,0x6b20
121,建,0x5efa
122,験,0x9a13
123,固,0x56fa
124,誤,0x8aa4
125,向,0x5411
126,く,0x304f
127,皇,0x7687
128,告,0x544a
129,再,0x518d
130,際,0x969b
131,察,0x5bdf
132,賛,0x8cdb
133,姉,0x59c9
134,氏,0x6c0f
135,歯,0x6b6f
136,示,0x793a
137,実,0x5b9f
138,主,0x4e3b
139,収,0x53ce
140,衆,0x8846
141,ぐ,0x3050
142,術,0x8853
143,書,0x66f8
144,少,0x5c11
145,証,0x8a3c
146,植,0x690d
147,申,0x7533
148,推,0x63a8
149,整,0x6574
150,西,0x897f
151,赤,0x8d64
152,先,0x5148
153,銭,0x92ad
154,想,0x60f3
155,蔵,0x8535
156,け,0x3051
157,族,0x65cf
158,太,0x592a
159,代,0x4ee3
160,団,0x56e3
161,茶,0x8336
162,丁,0x4e01
163,賃,0x8cc3
164,程,0x7a0b
165,点,0x70b9
166,党,0x515a
167,答,0x7b54
168,道,0x9053
169,南,0x5357
170,年,0x5e74
171,げ,0x3052
172,拝,0x62dd
173,八,0x516b
174,否,0x5426
175,鼻,0x9f3b
176,病,0x75c5
177,府,0x5e9c
178,複,0x8907
179,陛,0x965b
180,保,0x4fdd
181,豊,0x8c4a
182,末,0x672b
183,命,0x547d
184,問,0x554f
185,勇,0x52c7
186,こ,0x3053
187,曜,0x66dc
188,来,0x6765
189,流,0x6d41
190,林,0x6797
191,練,0x7df4
192,ご,0x3054
193,圧,0x5727
194,易,0x6613
195,員,0x54e1
196,栄,0x6804
197,延,0x5ef6
198,億,0x5104
199,加,0x52a0
200,荷,0x8377
201,回,0x56de
202,外,0x5916
203,楽,0x697d
204,感,0x611f
205,眼,0x773c
206,期,0x671f
207,さ,0x3055
208,起,0x8d77
209,急,0x6025
210,居,0x5c45
211,境,0x5883
212,玉,0x7389
213,苦,0x82e6
214,型,0x578b
215,決,0x6c7a
216,憲,0x61b2
217,元,0x5143
218,己,0x5df1
219,護,0x8b77
220,后,0x540e
221,耕,0x8015
222,ざ,0x3056
223,国,0x56fd
224,最,0x6700
225,在,0x5728
226,殺,0x6bba
227,酸,0x9178
228,子,0x5b50
229,私,0x79c1
230,事,0x4e8b
231,耳,0x8033
232,舎,0x820e
233,取,0x53d6
234,周,0x5468
235,週,0x9031
236,述,0x8ff0
237,し,0x3057
238,ゅ,0x3085
239,諸,0x8af8
240,承,0x627f
241,象,0x8c61
242,織,0x7e54
243,真,0x771f
244,水,0x6c34
245,星,0x661f
246,誠,0x8aa0
247,切,0x5207
248,千,0x5343
249,前,0x524d
250,早,0x65e9
251,造,0x9020
252,じ,0x3058
253,続,0x7d9a
254,打,0x6253
255,台,0x53f0
256,断,0x65ad
257,着,0x7740
258,帳,0x5e33
259,追,0x8ffd
260,敵,0x6575
261,伝,0x4f1d
262,冬,0x51ac
263,統,0x7d71
264,銅,0x9285
265,難,0x96e3
266,念,0x5ff5
267,す,0x3059
268,敗,0x6557
269,発,0x767a
270,悲,0x60b2
271,必,0x5fc5
272,秒,0x79d2
273,父,0x7236
274,仏,0x4ecf
275,米,0x7c73
276,歩,0x6b69
277,暴,0x66b4
278,万,0x4e07
279,明,0x660e
280,門,0x9580
281,友,0x53cb
282,ず,0x305a
283,様,0x69d8
284,落,0x843d
285,留,0x7559
286,臨,0x81e8
287,連,0x9023
288,せ,0x305b
289,安,0x5b89
290,異,0x7570
291,因,0x56e0
292,永,0x6c38
293,演,0x6f14
294,屋,0x5c4b
295,可,0x53ef
296,課,0x8ab2
297,快,0x5feb
298,害,0x5bb3
299,額,0x984d
300,慣,0x6163
301,岩,0x5ca9
302,機,0x6a5f
303,ぜ,0x305c
304,技,0x6280
305,救,0x6551
306,挙,0x6319
307,強,0x5f37
308,勤,0x52e4
309,具,0x5177
310,形,0x5f62
311,潔,0x6f54
312,検,0x691c
313,原,0x539f
314,庫,0x5eab
315,交,0x4ea4
316,孝,0x5b5d
317,考,0x8003
318,そ,0x305d
319,穀,0x7a40
320,妻,0x59bb
321,材,0x6750
322,雑,0x96d1
323,残,0x6b8b
324,市,0x5e02
325,糸,0x7cf8
326,似,0x4f3c
327,自,0x81ea
328,写,0x5199
329,守,0x5b88
330,宗,0x5b97
331,集,0x96c6
332,春,0x6625
333,ぞ,0x305e
334,助,0x52a9
335,招,0x62db
336,賞,0x8cde
337,職,0x8077
338,神,0x795e
339,数,0x6570
340,晴,0x6674
341,青,0x9752
342,接,0x63a5
343,宣,0x5ba3
344,善,0x5584
345,争,0x4e89
346,側,0x5074
347,卒,0x5352
348,た,0x305f
349,体,0x4f53
350,大,0x5927
351,男,0x7537
352,中,0x4e2d
353,張,0x5f35
354,通,0x901a
355,的,0x7684
356,田,0x7530
357,刀,0x5200
358,討,0x8a0e
359,得,0x5f97
360,二,0x4e8c
361,燃,0x71c3
362,配,0x914d
363,だ,0x3060
364,判,0x5224
365,比,0x6bd4
366,筆,0x7b46
367,品,0x54c1
368,負,0x8ca0
369,物,0x7269
370,別,0x5225
371,補,0x88dc
372,望,0x671b
373,満,0x6e80
374,盟,0x76df
375,夜,0x591c
376,有,0x6709
377,ち,0x3061
378,ょ,0x3087
379,洋,0x6d0b
380,利,0x5229
381,旅,0x65c5
382,輪,0x8f2a
383,路,0x8def
384,ぢ,0x3062
385,暗,0x6697
386,移,0x79fb
387,引,0x5f15
388,泳,0x6cf3
389,遠,0x9060
390,恩,0x6069
391,夏,0x590f
392,貨,0x8ca8
393,改,0x6539
394,各,0x5404
395,活,0x6d3b
396,歓,0x6b53
397,顔,0x9854
398,帰,0x5e30
399,つ,0x3064
400,疑,0x7591
401,求,0x6c42
402,許,0x8a31
403,教,0x6559
404,均,0x5747
405,空,0x7a7a
406,敬,0x656c
407,結,0x7d50
408,権,0x6a29
409,厳,0x53b3
410,戸,0x6238
411,候,0x5019
412,工,0x5de5
413,航,0x822a
414,づ,0x3065
415,黒,0x9ed2
416,才,0x624d
417,罪,0x7f6a
418,三,0x4e09
419,仕,0x4ed5
420,師,0x5e2b
421,紙,0x7d19
422,児,0x5150
423,辞,0x8f9e
424,社,0x793e
425,手,0x624b
426,就,0x5c31
427,住,0x4f4f
428,準,0x6e96
429,て,0x3066
430,女,0x5973
431,昭,0x662d
432,上,0x4e0a
433,色,0x8272
434,臣,0x81e3
435,世,0x4e16
436,正,0x6b63
437,静,0x9759
438,折,0x6298
439,専,0x5c02
440,然,0x7136
441,相,0x76f8
442,則,0x5247
443,存,0x5b58
444,で,0x3067
445,対,0x5bfe
446,第,0x7b2c
447,談,0x8ac7
448,忠,0x5fe0
449,朝,0x671d
450,低,0x4f4e
451,適,0x9069
452,電,0x96fb
453,島,0x5cf6
454,頭,0x982d
455,徳,0x5fb3
456,弐,0x5f10
457,納,0x7d0d
458,倍,0x500d
459,と,0x3068
460,半,0x534a
461,皮,0x76ae
462,百,0x767e
463,貧,0x8ca7
464,武,0x6b66
465,分,0x5206
466,変,0x5909
467,墓,0x5893
468,貿,0x8cbf
469,味,0x5473
470,迷,0x8ff7
471,野,0x91ce
472,由,0x7531
473,用,0x7528
474,ど,0x3069
475,理,0x7406
476,両,0x4e21
477,類,0x985e
478,労,0x52b4
479,な,0x306a
480,案,0x6848
481,胃,0x80c3
482,飲,0x98f2
483,英,0x82f1
484,塩,0x5869
485,温,0x6e29
486,家,0x5bb6
487,過,0x904e
488,械,0x68b0
489,拡,0x62e1
490,株,0x682a
491,漢,0x6f22
492,願,0x9858
493,気,0x6c17
494,に,0x306b
495,っ,0x3063
496,義,0x7fa9
497,球,0x7403
498,漁,0x6f01
499,橋,0x6a4b
500,禁,0x7981
501,君,0x541b
502,景,0x666f
503,血,0x8840
504,犬,0x72ac
505,減,0x6e1b
506,故,0x6545
507,光,0x5149
508,幸,0x5e78
509,ぬ,0x306c
510,行,0x884c
511,今,0x4eca
512,採,0x63a1
513,財,0x8ca1
514,参,0x53c2
515,使,0x4f7f
516,志,0x5fd7
517,至,0x81f3
518,字,0x5b57
519,式,0x5f0f
520,者,0x8005
521,種,0x7a2e
522,州,0x5dde
523,十,0x5341
524,ね,0x306d
525,純,0x7d14
526,序,0x5e8f
527,消,0x6d88
528,乗,0x4e57
529,食,0x98df
530,親,0x89aa
531,是,0x662f
532,清,0x6e05
533,税,0x7a0e
534,設,0x8a2d
535,川,0x5ddd
536,全,0x5168
537,総,0x7dcf
538,息,0x606f
539,の,0x306e
540,孫,0x5b6b
541,帯,0x5e2f
542,題,0x984c
543,知,0x77e5
544,昼,0x663c
545,町,0x753a
546,停,0x505c
547,鉄,0x9244
548,徒,0x5f92
549,投,0x6295
550,働,0x50cd
551,特,0x7279
552,肉,0x8089
553,能,0x80fd
554,は,0x306f
555,買,0x8cb7
556,反,0x53cd
557,肥,0x80a5
558,俵,0x4ff5
559,不,0x4e0d
560,部,0x90e8
561,奮,0x596e
562,編,0x7de8
563,母,0x6bcd
564,防,0x9632
565,未,0x672a
566,鳴,0x9cf4
567,役,0x5f79
568,遊,0x904a
569,ば,0x3070
570,葉,0x8449
571,里,0x91cc
572,料,0x6599
573,令,0x4ee4
574,老,0x8001
575,ぱ,0x3071
576,以,0x4ee5
577,遺,0x907a
578,院,0x9662
579,衛,0x885b
580,央,0x592e
581,音,0x97f3
582,科,0x79d1
583,我,0x6211
584,海,0x6d77
585,格,0x683c
586,寒,0x5bd2
587,管,0x7ba1
588,喜,0x559c
589,汽,0x6c7d
590,ひ,0x3072
591,議,0x8b70
592,究,0x7a76
593,魚,0x9b5a
594,興,0x8208
595,近,0x8fd1
596,訓,0x8a13
597,系,0x7cfb
598,月,0x6708
599,研,0x7814
600,現,0x73fe
601,湖,0x6e56
602,公,0x516c
603,広,0x5e83
604,講,0x8b1b
605,び,0x3073
606,根,0x6839
607,済,0x6e08
608,坂,0x5742
609,山,0x5c71
610,司,0x53f8
611,思,0x601d
612,視,0x8996
613,寺,0x5bfa
614,識,0x8b58
615,謝,0x8b1d
616,酒,0x9152
617,修,0x4fee
618,従,0x5f93
619,順,0x9806
620,ぴ,0x3074
621,除,0x9664
622,焼,0x713c
623,場,0x5834
624,信,0x4fe1
625,身,0x8eab
626,制,0x5236
627,生,0x751f
628,席,0x5e2d
629,節,0x7bc0
630,戦,0x6226
631,祖,0x7956
632,草,0x8349
633,測,0x6e2c
634,尊,0x5c0a
635,ふ,0x3075
636,待,0x5f85
637,達,0x9054
638,地,0x5730
639,柱,0x67f1
640,腸,0x8178
641,定,0x5b9a
642,典,0x5178
643,登,0x767b
644,東,0x6771
645,動,0x52d5
646,毒,0x6bd2
647,日,0x65e5
648,農,0x8fb2
649,売,0x58f2
650,ぶ,0x3076
651,板,0x677f
652,費,0x8cbb
653,標,0x6a19
654,付,0x4ed8
655,風,0x98a8
656,粉,0x7c89
657,辺,0x8fba
658,包,0x5305
659,北,0x5317
660,脈,0x8108
661,綿,0x7dbf
662,約,0x7d04
663,夕,0x5915
664,要,0x8981
665,ぷ,0x3077
666,陸,0x9678
667,良,0x826f
668,例,0x4f8b
669,六,0x516d
670,へ,0x3078
671,位,0x4f4d
672,医,0x533b
673,右,0x53f3
674,液,0x6db2
675,往,0x5f80
676,下,0x4e0b
677,果,0x679c
678,画,0x753b
679,界,0x754c
680,確,0x78ba
681,刊,0x520a
682,観,0x89b3
683,器,0x5668
684,季,0x5b63
685,べ,0x3079
686,客,0x5ba2
687,級,0x7d1a
688,京,0x4eac
689,鏡,0x93e1
690,金,0x91d1
691,群,0x7fa4
692,経,0x7d4c
693,件,0x4ef6
694,絹,0x7d79
695,言,0x8a00
696,五,0x4e94
697,功,0x529f
698,康,0x5eb7
699,鉱,0x9271
700,ぺ,0x307a
701,混,0x6df7
702,災,0x707d
703,作,0x4f5c
704,散,0x6563
705,史,0x53f2
706,指,0x6307
707,詞,0x8a5e
708,持,0x6301
709,七,0x4e03
710,車,0x8eca
711,首,0x9996
712,拾,0x62fe
713,重,0x91cd
714,処,0x51e6
715,ほ,0x307b
716,勝,0x52dd
717,照,0x7167
718,常,0x5e38
719,心,0x5fc3
720,進,0x9032
721,勢,0x52e2
722,精,0x7cbe
723,石,0x77f3
724,説,0x8aac
725,浅,0x6d45
726,素,0x7d20
727,走,0x8d70
728,足,0x8db3
729,損,0x640d
730,ぼ,0x307c
731,態,0x614b
732,谷,0x8c37
733,池,0x6c60
734,注,0x6ce8
735,調,0x8abf
736,底,0x5e95
737,天,0x5929
738,都,0x90fd
739,湯,0x6e6f
740,同,0x540c
741,独,0x72ec
742,入,0x5165
743,波,0x6ce2
744,博,0x535a
745,ぽ,0x307d
746,版,0x7248
747,非,0x975e
748,氷,0x6c37
749,夫,0x592b
750,復,0x5fa9
751,文,0x6587
752,返,0x8fd4
753,報,0x5831
754,牧,0x7267
755,民,0x6c11
756,面,0x9762
757,薬,0x85ac
758,予,0x4e88
759,陽,0x967d
760,ま,0x307e
761,律,0x5f8b
762,量,0x91cf
763,冷,0x51b7
764,録,0x9332
765,み,0x307f
766,依,0x4f9d
767,育,0x80b2
768,雨,0x96e8
769,益,0x76ca
770,応,0x5fdc
771,化,0x5316
772,歌,0x6b4c
773,芽,0x82bd
774,絵,0x7d75
775,覚,0x899a
776,勧,0x52e7
777,間,0x9593
778,基,0x57fa
779,紀,0x7d00
780,む,0x3080
781,逆,0x9006
782,給,0x7d66
783,供,0x4f9b
784,業,0x696d
785,銀,0x9280
786,軍,0x8ecd
787,計,0x8a08
788,健,0x5065
789,県,0x770c
790,限,0x9650
791,午,0x5348
792,効,0x52b9
793,校,0x6821
794,高,0x9ad8
795,め,0x3081
796,左,0x5de6
797,祭,0x796d
798,昨,0x6628
799,産,0x7523
800,四,0x56db
801,支,0x652f
802,詩,0x8a69
803,時,0x6642
804,失,0x5931
805,借,0x501f
806,受,0x53d7
807,秋,0x79cb
808,宿,0x5bbf
809,初,0x521d
810,も,0x3082
811,商,0x5546
812,省,0x7701
813,情,0x60c5
814,新,0x65b0
815,人,0x4eba
816,性,0x6027
817,聖,0x8056
818,積,0x7a4d
819,雪,0x96ea
820,線,0x7dda
821,組,0x7d44
822,送,0x9001
823,速,0x901f
824,村,0x6751
825,や,0x3084
826,貸,0x8cb8
827,単,0x5358
828,置,0x7f6e
829,虫,0x866b
830,長,0x9577
831,庭,0x5ead
832,展,0x5c55
833,努,0x52aa
834,燈,0x71c8
835,堂,0x5802
836,読,0x8aad
837,任,0x4efb
838,派,0x6d3e
839,白,0x767d
840,ゆ,0x3086
841,犯,0x72af
842,飛,0x98db
843,票,0x7968
844,婦,0x5a66
845,幅,0x5e45
846,聞,0x805e
847,便,0x4fbf
848,放,0x653e
849,本,0x672c
850,務,0x52d9
851,毛,0x6bdb
852,訳,0x8a33
853,余,0x4f59
854,養,0x990a
855,よ,0x3088
856,率,0x7387
857,領,0x9818
858,礼,0x793c
859,論,0x8ad6
860,ら,0x3089
861,囲,0x56f2
862,一,0x4e00
863,運,0x904b
864,駅,0x99c5
865,横,0x6a2a
866,仮,0x4eee
867,河,0x6cb3
868,賀,0x8cc0
869,開,0x958b
870,角,0x89d2
871,完,0x5b8c
872,関,0x95a2
873,寄,0x5bc4
874,規,0x898f
875,り,0x308a
876,久,0x4e45
877,旧,0x65e7
878,競,0x7af6
879,局,0x5c40
880,九,0x4e5d
881,郡,0x90e1
882,軽,0x8efd
883,兼,0x517c
884,見,0x898b
885,個,0x500b
886,後,0x5f8c
887,厚,0x539a
888,構,0x69cb
889,号,0x53f7
890,る,0x308b
891,差,0x5dee
892,細,0x7d30
893,策,0x7b56
894,算,0x7b97
895,士,0x58eb
896,止,0x6b62
897,試,0x8a66
898,次,0x6b21
899,室,0x5ba4
900,釈,0x91c8
901,授,0x6388
902,終,0x7d42
903,祝,0x795d
904,所,0x6240
905,れ,0x308c
906,唱,0x5531
907,称,0x79f0
908,条,0x6761
909,森,0x68ee
910,仁,0x4ec1
911,成,0x6210
912,声,0x58f0
913,績,0x7e3e
914,絶,0x7d76
915,船,0x8239
916,創,0x5275
917,像,0x50cf
918,俗,0x4fd7
919,他,0x4ed6
920,ろ,0x308d
921,退,0x9000
922,炭,0x70ad
923,築,0x7bc9
924,著,0x8457
925,鳥,0x9ce5
926,弟,0x5f1f
927,店,0x5e97
928,度,0x5ea6
929,当,0x5f53
930,導,0x5c0e
931,届,0x5c4a
932,認,0x8a8d
933,破,0x7834
934,麦,0x9ea6
935,わ,0x308f
936,飯,0x98ef
937,備,0x5099
938,表,0x8868
939,富,0x5bcc
940,服,0x670d
941,兵,0x5175
942,勉,0x52c9
943,方,0x65b9
944,妹,0x59b9
945,無,0x7121
946,木,0x6728
947,油,0x6cb9
948,預,0x9810
949,欲,0x6b32
950,を,0x3092
951,立,0x7acb
952,力,0x529b
953,歴,0x6b74
954,和,0x548c
955,ん,0x3093
956,あ,0x3042
957,愛,0x611b
958,委,0x59d4
959,壱,0x58f1
960,雲,0x96f2
961,円,0x5186
962,王,0x738b
963,何,0x4f55
964,火,0x706b
965,会,0x4f1a
966,階,0x968e
967,革,0x9769
968,官,0x5b98
969,館,0x9928
970,希,0x5e0c
971,い,0x3044
972,記,0x8a18
973,休,0x4f11
974,牛,0x725b
975,共,0x5171
976,曲,0x66f2
977,句,0x53e5
978,係,0x4fc2
979,芸,0x82b8
980,券,0x5238
981,険,0x967a
982,古,0x53e4
983,語,0x8a9e
984,口,0x53e3
985,港,0x6e2f
986,う,0x3046
987,合,0x5408
988,査,0x67fb
989,菜,0x83dc
990,刷,0x5237
991,蚕,0x8695
992,始,0x59cb
993,死,0x6b7b
994,資,0x8cc7
995,治,0x6cbb
996,質,0x8cea
997,弱,0x5f31
998,需,0x9700
999,習,0x7fd2
1000,出,0x51fa
1001,え,0x3048
1002,暑,0x6691
1003,小,0x5c0f
1004,章,0x7ae0
1005,状,0x72b6
1006,深,0x6df1
1007,図,0x56f3
1008,政,0x653f
1009,製,0x88fd
1010,責,0x8cac
1011,舌,0x820c
1012,選,0x9078
1013,倉,0x5009
1014,増,0x5897
1015,属,0x5c5e
1016,お,0x304a
1017,多,0x591a
1018,隊,0x968a
1019,短,0x77ed
1020,竹,0x7af9
1021,貯,0x8caf
1022,直,0x76f4
1023,提,0x63d0
1024,転,0x8ee2
1025,土,0x571f
1026,等,0x7b49
1027,童,0x7ae5
1028,内,0x5185
1029,熱,0x71b1
1030,馬,0x99ac
1031,か,0x304b
1032,畑,0x7551
1033,番,0x756a
1034,美,0x7f8e
1035,評,0x8a55
1036,布,0x5e03
1037,福,0x798f
1038,平,0x5e73
1039,弁,0x5f01
1040,法,0x6cd5
1041,毎,0x6bce
1042,名,0x540d
1043,目,0x76ee
1044,輸,0x8f38
1045,容,0x5bb9
1046,が,0x304c
1047,浴,0x6d74
1048,略,0x7565
1049,緑,0x7dd1
1050,列,0x5217
1051,話,0x8a71
1052,き,0x304d
1053,ゃ,0x3083
1054,悪,0x60aa
1055,意,0x610f
1056,印,0x5370
1057,営,0x55b6
1058,園,0x5712
1059,黄,0x9ec4
1060,価,0x4fa1
1061,花,0x82b1
1062,解,0x89e3
1063,貝,0x8c9d
1064,学,0x5b66
1065,幹,0x5e79
1066,岸,0x5cb8
1067,ぎ,0x304e
1068,旗,0x65d7
1069,貴,0x8cb4
1070,宮,0x5bae
1071,去,0x53bb
1072,協,0x5354
1073,極,0x6975
1074,区,0x533a
1075,兄,0x5144
1076,欠,0x6b20
1077,建,0x5efa
1078,験,0x9a13
1079,固,0x56fa
1080,誤,0x8aa4
1081,向,0x5411
1082,く,0x304f
1083,皇,0x7687
1084,告,0x544a
1085,再,0x518d
1086,際,0x969b
1087,察,0x5bdf
1088,賛,0x8cdb
1089,姉,0x59c9
1090,氏,0x6c0f
1091,歯,0x6b6f
1092,示,0x793a
1093,実,0x5b9f
1094,主,0x4e3b
1095,収,0x53ce
1096,衆,0x8846
1097,ぐ,0x3050
1098,術,0x8853
1099,書,0x66f8
1100,少,0x5c11
1101,証,0x8a3c
1102,植,0x690d
1103,申,0x7533
1104,推,0x63a8
1105,整,0x6574
1106,西,0x897f
1107,赤,0x8d64
1108,先,0x5148
1109,銭,0x92ad
1110,想,0x60f3
1111,蔵,0x8535
1112,け,0x3051
1113,族,0x65cf
1114,太,0x592a
1115,代,0x4ee3
1116,団,0x56e3
1117,茶,0x8336
1118,丁,0x4e01
1119,賃,0x8cc3
1120,程,0x7a0b
1121,点,0x70b9
1122,党,0x515a
1123,答,0x7b54
1124,道,0x9053
1125,南,0x5357
1126,年,0x5e74
1127,げ,0x3052
1128,拝,0x62dd
1129,八,0x516b
1130,否,0x5426
1131,鼻,0x9f3b
1132,病,0x75c5
1133,府,0x5e9c
1134,複,0x8907
1135,陛,0x965b
1136,保,0x4fdd
1137,豊,0x8c4a
1138,末,0x672b
1139,命,0x547d
1140,問,0x554f
1141,勇,0x52c7
1142,こ,0x3053
1143,曜,0x66dc
1144,来,0x6765
1145,流,0x6d41
1146,林,0x6797
1147,練,0x7df4
1148,ご,0x3054
1149,圧,0x5727
1150,易,0x6613
1151,員,0x54e1
1152,栄,0x6804
1153,延,0x5ef6
1154,億,0x5104
1155,加,0x52a0
1156,荷,0x8377
1157,回,0x56de
1158,外,0x5916
1159,楽,0x697d
1160,感,0x611f
1161,眼,0x773c
1162,期,0x671f
1163,さ,0x3055
1164,起,0x8d77
1165,急,0x6025
1166,居,0x5c45
1167,境,0x5883
1168,玉,0x7389
1169,苦,0x82e6
1170,型,0x578b
1171,決,0x6c7a
1172,憲,0x61b2
1173,元,0x5143
1174,己,0x5df1
1175,護,0x8b77
1176,后,0x540e
1177,耕,0x8015
1178,ざ,0x3056
1179,国,0x56fd
1180,最,0x6700
1181,在,0x5728
1182,殺,0x6bba
1183,酸,0x9178
1184,子,0x5b50
1185,私,0x79c1
1186,事,0x4e8b
1187,耳,0x8033
1188,舎,0x820e
1189,取,0x53d6
1190,周,0x5468
1191,週,0x9031
1192,述,0x8ff0
1193,し,0x3057
1194,ゅ,0x3085
1195,諸,0x8af8
1196,承,0x627f
1197,象,0x8c61
1198,織,0x7e54
1199,真,0x771f
1200,水,0x6c34
1201,星,0x661f
1202,誠,0x8aa0
1203,切,0x5207
1204,千,0x5343
1205,前,0x524d
1206,早,0x65e9
1207,造,0x9020
1208,じ,0x3058
1209,続,0x7d9a
1210,打,0x6253
1211,台,0x53f0
1212,断,0x65ad
1213,着,0x7740
1214,帳,0x5e33
1215,追,0x8ffd
1216,敵,0x6575
1217,伝,0x4f1d
1218,冬,0x51ac
1219,統,0x7d71
1220,銅,0x9285
1221,難,0x96e3
1222,念,0x5ff5
1223,す,0x3059
1224,敗,0x6557
1225,発,0x767a
1226,悲,0x60b2
1227,必,0x5fc5
1228,秒,0x79d2
1229,父,0x7236
1230,仏,0x4ecf
1231,米,0x7c73
1232,歩,0x6b69
1233,暴,0x66b4
1234,万,0x4e07
1235,明,0x660e
1236,門,0x9580
1237,友,0x53cb
1238,ず,0x305a
1239,様,0x69d8
1240,落,0x843d
1241,留,0x7559
1242,臨,0x81e8
1243,連,0x9023
1244,せ,0x305b
1245,安,0x5b89
1246,異,0x7570
1247,因,0x56e0
1248,永,0x6c38
1249,演,0x6f14
1250,屋,0x5c4b
1251,可,0x53ef
1252,課,0x8ab2
1253,快,0x5feb
1254,害,0x5bb3
1255,額,0x984d
1256,慣,0x6163
1257,岩,0x5ca9
1258,機,0x6a5f
1259,ぜ,0x305c
1260,技,0x6280
1261,救,0x6551
1262,挙,0x6319
1263,強,0x5f37
1264,勤,0x52e4
1265,具,0x5177
1266,形,0x5f62
1267,潔,0x6f54
1268,検,0x691c
1269,原,0x539f
1270,庫,0x5eab
1271,交,0x4ea4
1272,孝,0x5b5d
1273,考,0x8003
1274,そ,0x305d
1275,穀,0x7a40
1276,妻,0x59bb
1277,材,0x6750
1278,雑,0x96d1
1279,残,0x6b8b
1280,市,0x5e02
1281,糸,0x7cf8
1282,似,0x4f3c
1283,自,0x81ea
1284,写,0x5199
1285,守,0x5b88
1286,宗,0x5b97
1287,集,0x96c6
1288,春,0x6625
1289,ぞ,0x305e
1290,助,0x52a9
1291,招,0x62db
1292,賞,0x8cde
1293,職,0x8077
1294,神,0x795e
1295,数,0x6570
1296,晴,0x6674
1297,青,0x9752
1298,接,0x63a5
1299,宣,0x5ba3
1300,善,0x5584
1301,争,0x4e89
1302,側,0x5074
1303,卒,0x5352
1304,た,0x305f
1305,体,0x4f53
1306,大,0x5927
1307,男,0x7537
1308,中,0x4e2d
1309,張,0x5f35
1310,通,0x901a
1311,的,0x7684
1312,田,0x7530
1313,刀,0x5200
1314,討,0x8a0e
1315,得,0x5f97
1316,二,0x4e8c
1317,燃,0x71c3
1318,配,0x914d
1319,だ,0x3060
1320,判,0x5224
1321,比,0x6bd4
1322,筆,0x7b46
1323,品,0x54c1
1324,負,0x8ca0
1325,物,0x7269
1326,別,0x5225
1327,補,0x88dc
1328,望,0x671b
1329,満,0x6e80
1330,盟,0x76df
1331,夜,0x591c
1332,有,0x6709
1333,ち,0x3061
1334,ょ,0x3087
1335,洋,0x6d0b
1336,利,0x5229
1337,旅,0x65c5
1338,輪,0x8f2a
1339,路,0x8def
1340,ぢ,0x3062
1341,暗,0x6697
1342,移,0x79fb
1343,引,0x5f15
1344,泳,0x6cf3
1345,遠,0x9060
1346,恩,0x6069
1347,夏,0x590f
1348,貨,0x8ca8
1349,改,0x6539
1350,各,0x5404
1351,活,0x6d3b
1352,歓,0x6b53
1353,顔,0x9854
1354,帰,0x5e30
1355,つ,0x3064
1356,疑,0x7591
1357,求,0x6c42
1358,許,0x8a31
1359,教,0x6559
1360,均,0x5747
1361,空,0x7a7a
1362,敬,0x656c
1363,結,0x7d50
1364,権,0x6a29
1365,厳,0x53b3
1366,戸,0x6238
1367,候,0x5019
1368,工,0x5de5
1369,航,0x822a
1370,づ,0x3065
1371,黒,0x9ed2
1372,才,0x624d
1373,罪,0x7f6a
1374,三,0x4e09
1375,仕,0x4ed5
1376,師,0x5e2b
1377,紙,0x7d19
1378,児,0x5150
1379,辞,0x8f9e
1380,社,0x793e
1381,手,0x624b
1382,就,0x5c31
1383,住,0x4f4f
1384,準,0x6e96
1385,て,0x3066
1386,女,0x5973
1387,昭,0x662d
1388,上,0x4e0a
1389,色,0x8272
1390,臣,0x81e3
1391,世,0x4e16
1392,正,0x6b63
1393,静,0x9759
1394,折,0x6298
1395,専,0x5c02
1396,然,0x7136
1397,相,0x76f8
1398,則,0x5247
1399,存,0x5b58
1400,で,0x3067
1401,対,0x5bfe
1402,第,0x7b2c
1403,談,0x8ac7
1404,忠,0x5fe0
1405,朝,0x671d
1406,低,0x4f4e
1407,適,0x9069
1408,電,0x96fb
1409,島,0x5cf6
1410,頭,0x982d
1411,徳,0x5fb3
1412,弐,0x5f10
1413,納,0x7d0d
1414,倍,0x500d
1415,と,0x3068
1416,半,0x534a
1417,皮,0x76ae
1418,百,0x767e
1419,貧,0x8ca7
1420,武,0x6b66
1421,分,0x5206
1422,変,0x5909
1423,墓,0x5893
1424,貿,0x8cbf
1425,味,0x5473
1426,迷,0x8ff7
1427,野,0x91ce
1428,由,0x7531
1429,用,0x7528
1430,ど,0x3069
1431,理,0x7406
1432,両,0x4e21
1433,類,0x985e
1434,労,0x52b4
1435,な,0x306a
1436,案,0x6848
1437,胃,0x80c3
1438,飲,0x98f2
1439,英,0x82f1
1440,塩,0x5869
1441,温,0x6e29
1442,家,0x5bb6
1443,過,0x904e
1444,械,0x68b0
1445,拡,0x62e1
1446,株,0x682a
1447,漢,0x6f22
1448,願,0x9858
1449,気,0x6c17
1450,に,0x306b
1451,っ,0x3063
1452,義,0x7fa9
1453,球,0x7403
1454,漁,0x6f01
1455,橋,0x6a4b
1456,禁,0x7981
1457,君,0x541b
1458,景,0x666f
1459,血,0x8840
1460,犬,0x72ac
1461,減,0x6e1b
1462,故,0x6545
1463,光,0x5149
1464,幸,0x5e78
1465,ぬ,0x306c
1466,行,0x884c
1467,今,0x4eca
1468,採,0x63a1
1469,財,0x8ca1
1470,参,0x53c2
1471,使,0x4f7f
1472,志,0x5fd7
1473,至,0x81f3
1474,字,0x5b57
1475,式,0x5f0f
1476,者,0x8005
1477,種,0x7a2e
1478,州,0x5dde
1479,十,0x5341
1480,ね,0x306d
1481,純,0x7d14
1482,序,0x5e8f
1483,消,0x6d88
1484,乗,0x4e57
1485,食,0x98df
1486,親,0x89aa
1487,是,0x662f
1488,清,0x6e05
1489,税,0x7a0e
1490,設,0x8a2d
1491,川,0x5ddd
1492,全,0x5168
1493,総,0x7dcf
1494,息,0x606f
1495,の,0x306e
1496,孫,0x5b6b
1497,帯,0x5e2f
1498,題,0x984c
1499,知,0x77e5
1500,昼,0x663c
1501,町,0x753a
1502,停,0x505c
1503,鉄,0x9244
1504,徒,0x5f92
1505,投,0x6295
1506,働,0x50cd
1507,特,0x7279
1508,肉,0x8089
1509,能,0x80fd
1510,は,0x306f
1511,買,0x8cb7
1512,反,0x53cd
1513,肥,0x80a5
1514,俵,0x4ff5
1515,不,0x4e0d
1516,部,0x90e8
1517,奮,0x596e
1518,編,0x7de8
1519,母,0x6bcd
1520,防,0x9632
1521,未,0x672a
1522,鳴,0x9cf4
1523,役,0x5f79
1524,遊,0x904a
1525,ば,0x3070
1526,葉,0x8449
1527,里,0x91cc
1528,料,0x6599
1529,令,0x4ee4
1530,老,0x8001
1531,ぱ,0x3071
1532,以,0x4ee5
1533,遺,0x907a
1534,院,0x9662
1535,衛,0x885b
1536,央,0x592e
1537,音,0x97f3
1538,科,0x79d1
1539,我,0x6211
1540,海,0x6d77
1541,格,0x683c
1542,寒,0x5bd2
1543,管,0x7ba1
1544,喜,0x559c
1545,汽,0x6c7d
1546,ひ,0x3072
1547,議,0x8b70
1548,究,0x7a76
1549,魚,0x9b5a
1550,興,0x8208
1551,近,0x8fd1
1552,訓,0x8a13
1553,系,0x7cfb
1554,月,0x6708
1555,研,0x7814
1556,現,0x73fe
1557,湖,0x6e56
1558,公,0x516c
1559,広,0x5e83
1560,講,0x8b1b
1561,び,0x3073
1562,根,0x6839
1563,済,0x6e08
1564,坂,0x5742
1565,山,0x5c71
1566,司,0x53f8
1567,思,0x601d
1568,視,0x8996
1569,寺,0x5bfa
1570,識,0x8b58
1571,謝,0x8b1d
1572,酒,0x9152
1573,修,0x4fee
1574,従,0x5f93
1575,順,0x9806
1576,ぴ,0x3074
1577,除,0x9664
1578,焼,0x713c
1579,場,0x5834
1580,信,0x4fe1
1581,身,0x8eab
1582,制,0x5236
1583,生,0x751f
1584,席,0x5e2d
1585,節,0x7bc0
1586,戦,0x6226
1587,祖,0x7956
1588,草,0x8349
1589,測,0x6e2c
1590,尊,0x5c0a
1591,ふ,0x3075
1592,待,0x5f85
1593,達,0x9054
1594,地,0x5730
1595,柱,0x67f1
1596,腸,0x8178
1597,定,0x5b9a
1598,典,0x5178
1599,登,0x767b
1600,東,0x6771
1601,動,0x52d5
1602,毒,0x6bd2
1603,日,0x65e5
1604,農,0x8fb2
1605,売,0x58f2
1606,ぶ,0x3076
1607,板,0x677f
1608,費,0x8cbb
1609,標,0x6a19
1610,付,0x4ed8
1611,風,0x98a8
1612,粉,0x7c89
1613,辺,0x8fba
1614,包,0x5305
1615,北,0x5317
1616,脈,0x8108
1617,綿,0x7dbf
1618,約,0x7d04
1619,夕,0x5915
1620,要,0x8981
1621,ぷ,0x3077
1622,陸,0x9678
1623,良,0x826f
1624,例,0x4f8b
1625,六,0x516d
1626,へ,0x3078
1627,位,0x4f4d
1628,医,0x533b
1629,右,0x53f3
1630,液,0x6db2
1631,往,0x5f80
1632,下,0x4e0b
1633,果,0x679c
1634,画,0x753b
1635,界,0x754c
1636,確,0x78ba
1637,刊,0x520a
1638,観,0x89b3
1639,器,0x5668
1640,季,0x5b63
1641,べ,0x3079
1642,客,0x5ba2
1643,級,0x7d1a
1644,京,0x4eac
1645,鏡,0x93e1
1646,金,0x91d1
1647,群,0x7fa4
1648,経,0x7d4c
1649,件,0x4ef6
1650,絹,0x7d79
1651,言,0x8a00
1652,五,0x4e94
1653,功,0x529f
1654,康,0x5eb7
1655,鉱,0x9271
1656,ぺ,0x307a
1657,混,0x6df7
1658,災,0x707d
1659,作,0x4f5c
1660,散,0x6563
1661,史,0x53f2
1662,指,0x6307
1663,詞,0x8a5e
1664,持,0x6301
1665,七,0x4e03
1666,車,0x8eca
1667,首,0x9996
1668,拾,0x62fe
1669,重,0x91cd
1670,処,0x51e6
1671,ほ,0x307b
1672,勝,0x52dd
1673,照,0x7167
1674,常,0x5e38
1675,心,0x5fc3
1676,進,0x9032
1677,勢,0x52e2
1678,精,0x7cbe
1679,石,0x77f3
1680,説,0x8aac
1681,浅,0x6d45
1682,素,0x7d20
1683,走,0x8d70
1684,足,0x8db3
1685,損,0x640d
1686,ぼ,0x307c
1687,態,0x614b
1688,谷,0x8c37
1689,池,0x6c60
1690,注,0x6ce8
1691,調,0x8abf
1692,底,0x5e95
1693,天,0x5929
1694,都,0x90fd
1695,湯,0x6e6f
1696,同,0x540c
1697,独,0x72ec
1698,入,0x5165
1699,波,0x6ce2
1700,博,0x535a
1701,ぽ,0x307d
1702,版,0x7248
1703,非,0x975e
1704,氷,0x6c37
1705,夫,0x592b
1706,復,0x5fa9
1707,文,0x6587
1708,返,0x8fd4
1709,報,0x5831
1710,牧,0x7267
1711,民,0x6c11
1712,面,0x9762
1713,薬,0x85ac
1714,予,0x4e88
1715,陽,0x967d
1716,ま,0x307e
1717,律,0x5f8b
1718,量,0x91cf
1719,冷,0x51b7
1720,録,0x9332
1721,み,0x307f
1722,依,0x4f9d
1723,育,0x80b2
1724,雨,0x96e8
1725,益,0x76ca
1726,応,0x5fdc
1727,化,0x5316
1728,歌,0x6b4c
1729,芽,0x82bd
1730,絵,0x7d75
1731,覚,0x899a
1732,勧,0x52e7
1733,間,0x9593
1734,基,0x57fa
1735,紀,0x7d00
1736,む,0x3080
1737,逆,0x9006
1738,給,0x7d66
1739,供,0x4f9b
1740,業,0x696d
1741,銀,0x9280
1742,軍,0x8ecd
1743,計,0x8a08
1744,健,0x5065
1745,県,0x770c
1746,限,0x9650
1747,午,0x5348
1748,効,0x52b9
1749,校,0x6821
1750,高,0x9ad8
1751,め,0x3081
1752,左,0x5de6
1753,祭,0x796d
1754,昨,0x6628
1755,産,0x7523
1756,四,0x56db
1757,支,0x652f
1758,詩,0x8a69
1759,時,0x6642
1760,失,0x5931
1761,借,0x501f
1762,受,0x53d7
1763,秋,0x79cb
1764,宿,0x5bbf
1765,初,0x521d
1766,も,0x3082
1767,商,0x5546
1768,省,0x7701
1769,情,0x60c5
1770,新,0x65b0
1771,人,0x4eba
1772,性,0x6027
1773,聖,0x8056
1774,積,0x7a4d
1775,雪,0x96ea
1776,線,0x7dda
1777,組,0x7d44
1778,送,0x9001
1779,速,0x901f
1780,村,0x6751
1781,や,0x3084
1782,貸,0x8cb8
1783,単,0x5358
1784,置,0x7f6e
1785,虫,0x866b
1786,長,0x9577
1787,庭,0x5ead
1788,展,0x5c55
1789,努,0x52aa
1790,燈,0x71c8
1791,堂,0x5802
1792,読,0x8aad
1793,任,0x4efb
1794,派,0x6d3e
1795,白,0x767d
1796,ゆ,0x3086
1797,犯,0x72af
1798,飛,0x98db
1799,票,0x7968
1800,婦,0x5a66
1801,幅,0x5e45
1802,聞,0x805e
1803,便,0x4fbf
1804,放,0x653e
1805,本,0x672c
1806,務,0x52d9
1807,毛,0x6bdb
1808,訳,0x8a33
1809,余,0x4f59
1810,養,0x990a
1811,よ,0x3088
1812,率,0x7387
1813,領,0x9818
1814,礼,0x793c
1815,論,0x8ad6
1816,ら,0x3089
1817,囲,0x56f2
1818,一,0x4e00
1819,運,0x904b
1820,駅,0x99c5
1821,横,0x6a2a
1822,仮,0x4eee
1823,河,0x6cb3
1824,賀,0x8cc0
1825,開,0x958b
1826,角,0x89d2
1827,完,0x5b8c
1828,関,0x95a2
1829,寄,0x5bc4
1830,規,0x898f
1831,り,0x308a
1832,久,0x4e45
1833,旧,0x65e7
1834,競,0x7af6
1835,局,0x5c40
1836,九,0x4e5d
1837,郡,0x90e1
1838,軽,0x8efd
1839,兼,0x517c
1840,見,0x898b
1841,個,0x500b
1842,後,0x5f8c
1843,厚,0x539a
1844,構,0x69cb
1845,号,0x53f7
1846,る,0x308b
1847,差,0x5dee
1848,細,0x7d30
1849,策,0x7b56
1850,算,0x7b97
1851,士,0x58eb
1852,止,0x6b62
1853,試,0x8a66
1854,次,0x6b21
1855,室,0x5ba4
1856,釈,0x91c8
1857,授,0x6388
1858,終,0x7d42
1859,祝,0x795d
1860,所,0x6240
1861,れ,0x308c
1862,唱,0x5531
1863,称,0x79f0
1864,条,0x6761
1865,森,0x68ee
1866,仁,0x4ec1
1867,成,0x6210
1868,声,0x58f0
1869,績,0x7e3e
1870,絶,0x7d76
1871,船,0x8239
1872,創,0x5275
1873,像,0x50cf
1874,俗,0x4fd7
1875,他,0x4ed6
1876,ろ,0x308d
1877,退,0x9000
1878,炭,0x70ad
1879,築,0x7bc9
1880,著,0x8457
1881,鳥,0x9ce5
1882,弟,0x5f1f
1883,店,0x5e97
1884,度,0x5ea6
1885,当,0x5f53
1886,導,0x5c0e
1887,届,0x5c4a
1888,認,0x8a8d
1889,破,0x7834
1890,麦,0x9ea6
1891,わ,0x308f
1892,飯,0x98ef
1893,備,0x5099
1894,表,0x8868
1895,富,0x5bcc
1896,服,0x670d
1897,兵,0x5175
1898,勉,0x52c9
1899,方,0x65b9
1900,妹,0x59b9
1901,無,0x7121
1902,木,0x6728
1903,油,0x6cb9
1904,預,0x9810
1905,欲,0x6b32
1906,を,0x3092
1907,立,0x7acb
1908,力,0x529b
1909,歴,0x6b74
1910,和,0x548c
1911,ん,0x3093
1912,あ,0x3042
1913,愛,0x611b
1914,委,0x59d4
1915,壱,0x58f1
1916,雲,0x96f2
1917,円,0x5186
1918,王,0x738b
1919,何,0x4f55
1920,火,0x706b
1921,会,0x4f1a
1922,階,0x968e
1923,革,0x9769
1924,官,0x5b98
1925,館,0x9928
1926,希,0x5e0c
1927,い,0x3044
1928,記,0x8a18
1929,休,0x4f11
1930,牛,0x725b
1931,共,0x5171
1932,曲,0x66f2
1933,句,0x53e5
1934,係,0x4fc2
1935,芸,0x82b8
1936,券,0x5238
1937,険,0x967a
1938,古,0x53e4
1939,語,0x8a9e
1940,口,0x53e3
1941,港,0x6e2f
1942,う,0x3046
1943,合,0x5408
1944,査,0x67fb
1945,菜,0x83dc
1946,刷,0x5237
1947,蚕,0x8695
1948,始,0x59cb
1949,死,0x6b7b
1950,資,0x8cc7
1951,治,0x6cbb
1952,質,0x8cea
1953,弱,0x5f31
1954,需,0x9700
1955,習,0x7fd2
1956,出,0x51fa
1957,え,0x3048
1958,暑,0x6691
1959,小,0x5c0f
1960,章,0x7ae0
1961,状,0x72b6
1962,深,0x6df1
1963,図,0x56f3
1964,政,0x653f
1965,製,0x88fd
1966,責,0x8cac
1967,舌,0x820c
1968,選,0x9078
1969,倉,0x5009
1970,増,0x5897
1971,属,0x5c5e
1972,お,0x304a
1973,多,0x591a
1974,隊,0x968a
1975,短,0x77ed
1976,竹,0x7af9
1977,貯,0x8caf
1978,直,0x76f4
1979,提,0x63d0
1980,転,0x8ee2
1981,土,0x571f
1982,等,0x7b49
1983,童,0x7ae5
1984,内,0x5185
1985,熱,0x71b1
1986,馬,0x99ac
1987,か,0x304b
1988,畑,0x7551
1989,番,0x756a
1990,美,0x7f8e
1991,評,0x8a55
1992,布,0x5e03
1993,福,0x798f
1994,平,0x5e73
1995,弁,0x5f01
1996,法,0x6cd5
1997,毎,0x6bce
1998,名,0x540d
1999,目,0x76ee
2000,輸,0x8f38
2001,容,0x5bb9
2002,が,0x304c
2003,浴,0x6d74
2004,略,0x7565
2005,緑,0x7dd1
2006,列,0x5217
2007,話,0x8a71
2008,き,0x304d
2009,ゃ,0x3083
2010,悪,0x60aa
2011,意,0x610f
2012,印,0x5370
2013,営,0x55b6
2014,園,0x5712
2015,黄,0x9ec4
2016,価,0x4fa1
2017,花,0x82b1
2018,解,0x89e3
2019,貝,0x8c9d
2020,学,0x5b66
2021,幹,0x5e79
2022,岸,0x5cb8
2023,ぎ,0x304e
2024,旗,0x65d7
2025,貴,0x8cb4
2026,宮,0x5bae
2027,去,0x53bb
2028,協,0x5354
2029,極,0x6975
2030,区,0x533a
2031,兄,0x5144
2032,欠,0x6b20
2033,建,0x5efa
2034,験,0x9a13
2035,固,0x56fa
2036,誤,0x8aa4
2037,向,0x5411
2038,く,0x304f
2039,皇,0x7687
2040,告,0x544a
2041,再,0x518d
2042,際,0x969b
2043,察,0x5bdf
2044,賛,0x8cdb
2045,姉,0x59c9
2046,氏,0x6c0f
2047,歯,0x6b6f
2048,示,0x793a
2049,実,0x5b9f
2050,主,0x4e3b
2051,収,0x53ce
2052,衆,0x8846
2053,ぐ,0x3050
2054,術,0x8853
2055,書,0x66f8
2056,少,0x5c11
2057,証,0x8a3c
2058,植,0x690d
2059,申,0x7533
2060,推,0x63a8
2061,整,0x6574
2062,西,0x897f
2063,赤,0x8d64
2064,先,0x5148
2065,銭,0x92ad
2066,想,0x60f3
2067,蔵,0x8535
2068,け,0x3051
2069,族,0x65cf
2070,太,0x592a
2071,代,0x4ee3
2072,団,0x56e3
2073,茶,0x8336
2074,丁,0x4e01
2075,賃,0x8cc3
2076,程,0x7a0b
2077,点,0x70b9
2078,党,0x515a
2079,答,0x7b54
2080,道,0x9053
2081,南,0x5357
2082,年,0x5e74
2083,げ,0x3052
2084,拝,0x62dd
2085,八,0x516b
2086,否,0x5426
2087,鼻,0x9f3b
2088,病,0x75c5
2089,府,0x5e9c
2090,複,0x8907
2091,陛,0x965b
2092,保,0x4fdd
2093,豊,0x8c4a
2094,末,0x672b
2095,命,0x547d
2096,問,0x554f
2097,勇,0x52c7
2098,こ,0x3053
2099,曜,0x66dc
2100,来,0x6765
2101,流,0x6d41
2102,林,0x6797
2103,練,0x7df4
2104,ご,0x3054
2105,圧,0x5727
2106,易,0x6613
2107,員,0x54e1
2108,栄,0x6804
2109,延,0x5ef6
2110,億,0x5104
2111,加,0x52a0
2112,荷,0x8377
2113,回,0x56de
2114,外,0x5916
2115,楽,0x697d
2116,感,0x611f
2117,眼,0x773c
2118,期,0x671f
2119,さ,0x3055
2120,起,0x8d77
2121,急,0x6025
2122,居,0x5c45
2123,境,0x5883
2124,玉,0x7389
2125,苦,0x82e6
2126,型,0x578b
2127,決,0x6c7a
2128,憲,0x61b2
2129,元,0x5143
2130,己,0x5df1
2131,護,0x8b77
2132,后,0x540e
2133,耕,0x8015
2134,ざ,0x3056
2135,国,0x56fd
2136,最,0x6700
2137,在,0x5728
2138,殺,0x6bba
2139,酸,0x9178
2140,子,0x5b50
2141,私,0x79c1
2142,事,0x4e8b
2143,耳,0x8033
2144,舎,0x820e
2145,取,0x53d6
2146,周,0x5468
2147,週,0x9031
2148,述,0x8ff0
2149,し,0x3057
2150,ゅ,0x3085
2151,諸,0x8af8
2152,承,0x627f
2153,象,0x8c61
2154,織,0x7e54
2155,真,0x771f
2156,水,0x6c34
2157,星,0x661f
2158,誠,0x8aa0
2159,切,0x5207
2160,千,0x5343
2161,前,0x524d
2162,早,0x65e9
2163,造,0x9020
2164,じ,0x3058
2165,続,0x7d9a
2166,打,0x6253
2167,台,0x53f0
2168,断,0x65ad
2169,着,0x7740
2170,帳,0x5e33
2171,追,0x8ffd
2172,敵,0x6575
2173,伝,0x4f1d
2174,冬,0x51ac
2175,統,0x7d71
2176,銅,0x9285
2177,難,0x96e3
2178,念,0x5ff5
2179,す,0x3059
2180,敗,0x6557
2181,発,0x767a
2182,悲,0x60b2
2183,必,0x5fc5
2184,秒,0x79d2
2185,父,0x7236
2186,仏,0x4ecf
2187,米,0x7c73
2188,歩,0x6b69
2189,暴,0x66b4
2190,万,0x4e07
2191,明,0x660e
2192,門,0x9580
2193,友,0x53cb
2194,ず,0x305a
2195,様,0x69d8
2196,落,0x843d
2197,留,0x7559
2198,臨,0x81e8
2199,連,0x9023
2200,せ,0x305b
2201,安,0x5b89
2202,異,0x7570
2203,因,0x56e0
2204,永,0x6c38
2205,演,0x6f14
2206,屋,0x5c4b
2207,可,0x53ef
2208,課,0x8ab2
2209,快,0x5feb
2210,害,0x5bb3
2211,額,0x984d
2212,慣,0x6163
2213,岩,0x5ca9
2214,機,0x6a5f
2215,ぜ,0x305c
2216,技,0x6280
2217,救,0x6551
2218,挙,0x6319
2219,強,0x5f37
2220,勤,0x52e4
2221,具,0x5177
2222,形,0x5f62
2223,潔,0x6f54
2224,検,0x691c
2225,原,0x539f
2226,庫,0x5eab
2227,交,0x4ea4
2228,孝,0x5b5d
2229,考,0x8003
2230,そ,0x305d
2231,穀,0x7a40
2232,妻,0x59bb
2233,材,0x6750
2234,雑,0x96d1
2235,残,0x6b8b
2236,市,0x5e02
2237,糸,0x7cf8
2238,似,0x4f3c
2239,自,0x81ea
2240,写,0x5199
2241,守,0x5b88
2242,宗,0x5b97
2243,集,0x96c6
2244,春,0x6625
2245,ぞ,0x305e
2246,助,0x52a9
2247,招,0x62db
2248,賞,0x8cde
2249,職,0x8077
2250,神,0x795e
2251,数,0x6570
2252,晴,0x6674
2253,青,0x9752
2254,接,0x63a5
2255,宣,0x5ba3
2256,善,0x5584
2257,争,0x4e89
2258,側,0x5074
2259,卒,0x5352
2260,た,0x305f
2261,体,0x4f53
2262,大,0x5927
2263,男,0x7537
2264,中,0x4e2d
2265,張,0x5f35
2266,通,0x901a
2267,的,0x7684
2268,田,0x7530
2269,刀,0x5200
2270,討,0x8a0e
2271,得,0x5f97
2272,二,0x4e8c
2273,燃,0x71c3
2274,配,0x914d
2275,だ,0x3060
2276,判,0x5224
2277,比,0x6bd4
2278,筆,0x7b46
2279,品,0x54c1
2280,負,0x8ca0
2281,物,0x7269
2282,別,0x5225
2283,補,0x88dc
2284,望,0x671b
2285,満,0x6e80
2286,盟,0x76df
2287,夜,0x591c
2288,有,0x6709
2289,ち,0x3061
2290,ょ,0x3087
2291,洋,0x6d0b
2292,利,0x5229
2293,旅,0x65c5
2294,輪,0x8f2a
2295,路,0x8def
2296,ぢ,0x3062
2297,暗,0x6697
2298,移,0x79fb
2299,引,0x5f15
2300,泳,0x6cf3
2301,遠,0x9060
2302,恩,0x6069
2303,夏,0x590f
2304,貨,0x8ca8
2305,改,0x6539
2306,各,0x5404
2307,活,0x6d3b
2308,歓,0x6b53
2309,顔,0x9854
2310,帰,0x5e30
2311,つ,0x3064
2312,疑,0x7591
2313,求,0x6c42
2314,許,0x8a31
2315,教,0x6559
2316,均,0x5747
2317,空,0x7a7a
2318,敬,0x656c
2319,結,0x7d50
2320,権,0x6a29
2321,厳,0x53b3
2322,戸,0x6238
2323,候,0x5019
2324,工,0x5de5
2325,航,0x822a
2326,づ,0x3065
2327,黒,0x9ed2
2328,才,0x624d
2329,罪,0x7f6a
2330,三,0x4e09
2331,仕,0x4ed5
2332,師,0x5e2b
2333,紙,0x7d19
2334,児,0x5150
2335,辞,0x8f9e
2336,社,0x793e
2337,手,0x624b
2338,就,0x5c31
2339,住,0x4f4f
2340,準,0x6e96
2341,て,0x3066
2342,女,0x5973
2343,昭,0x662d
2344,上,0x4e0a
2345,色,0x8272
2346,臣,0x81e3
2347,世,0x4e16
2348,正,0x6b63
2349,静,0x9759
2350,折,0x6298
2351,専,0x5c02
2352,然,0x7136
2353,相,0x76f8
2354,則,0x5247
2355,存,0x5b58
2356,で,0x3067
2357,対,0x5bfe
2358,第,0x7b2c
2359,談,0x8ac7
2360,忠,0x5fe0
2361,朝,0x671d
2362,低,0x4f4e
2363,適,0x9069
2364,電,0x96fb
2365,島,0x5cf6
2366,頭,0x982d
2367,徳,0x5fb3
2368,弐,0x5f10
2369,納,0x7d0d
2370,倍,0x500d
2371,と,0x3068
2372,半,0x534a
2373,皮,0x76ae
2374,百,0x767e
2375,貧,0x8ca7
2376,武,0x6b66
2377,分,0x5206
2378,変,0x5909
2379,墓,0x5893
2380,貿,0x8cbf
2381,味,0x5473
2382,迷,0x8ff7
2383,野,0x91ce
2384,由,0x7531
2385,用,0x7528
2386,ど,0x3069
2387,理,0x7406
2388,両,0x4e21
2389,類,0x985e
2390,労,0x52b4
2391,な,0x306a
2392,案,0x6848
2393,胃,0x80c3
2394,飲,0x98f2
2395,英,0x82f1
2396,塩,0x5869
2397,温,0x6e29
2398,家,0x5bb6
2399,過,0x904e
2400,械,0x68b0
2401,拡,0x62e1
2402,株,0x682a
2403,漢,0x6f22
2404,願,0x9858
2405,気,0x6c17
2406,に,0x306b
2407,っ,0x3063
2408,義,0x7fa9
2409,球,0x7403
2410,漁,0x6f01
2411,橋,0x6a4b
2412,禁,0x7981
2413,君,0x541b
2414,景,0x666f
2415,血,0x8840
2416,犬,0x72ac
2417,減,0x6e1b
2418,故,0x6545
2419,光,0x5149
2420,幸,0x5e78
2421,ぬ,0x306c
2422,行,0x884c
2423,今,0x4eca
2424,採,0x63a1
2425,財,0x8ca1
2426,参,0x53c2
2427,使,0x4f7f
2428,志,0x5fd7
2429,至,0x81f3
2430,字,0x5b57
2431,式,0x5f0f
2432,者,0x8005
2433,種,0x7a2e
2434,州,0x5dde
2435,十,0x5341
2436,ね,0x306d
2437,純,0x7d14
2438,序,0x5e8f
2439,消,0x6d88
2440,乗,0x4e57
2441,食,0x98df
2442,親,0x89aa
2443,是,0x662f
2444,清,0x6e05
2445,税,0x7a0e
2446,設,0x8a2d
2447,川,0x5ddd
2448,全,0x5168
2449,総,0x7dcf
2450,息,0x606f
2451,の,0x306e
2452,孫,0x5b6b
2453,帯,0x5e2f
2454,題,0x984c
2455,知,0x77e5
2456,昼,0x663c
2457,町,0x753a
2458,停,0x505c
2459,鉄,0x9244
2460,徒,0x5f92
2461,投,0x6295
2462,働,0x50cd
2463,特,0x7279
2464,肉,0x8089
2465,能,0x80fd
2466,は,0x306f
2467,買,0x8cb7
2468,反,0x53cd
2469,肥,0x80a5
2470,俵,0x4ff5
2471,不,0x4e0d
2472,部,0x90e8
2473,奮,0x596e
2474,編,0x7de8
2475,母,0x6bcd
2476,防,0x9632
2477,未,0x672a
2478,鳴,0x9cf4
2479,役,0x5f79
2480,遊,0x904a
2481,ば,0x3070
2482,葉,0x8449
2483,里,0x91cc
2484,料,0x6599
2485,令,0x4ee4
2486,老,0x8001
2487,ぱ,0x3071
2488,以,0x4ee5
2489,遺,0x907a
2490,院,0x9662
2491,衛,0x885b
2492,央,0x592e
2493,音,0x97f3
2494,科,0x79d1
2495,我,0x6211
2496,海,0x6d77
2497,格,0x683c
2498,寒,0x5bd2
2499,管,0x7ba1
2500,喜,0x559c
2501,汽,0x6c7d
2502,ひ,0x3072
2503,議,0x8b70
2504,究,0x7a76
2505,魚,0x9b5a
2506,興,0x8208
2507,近,0x8fd1
2508,訓,0x8a13
2509,系,0x7cfb
2510,月,0x6708
2511,研,0x7814
2512,現,0x73fe
2513,湖,0x6e56
2514,公,0x516c
2515,広,0x5e83
2516,講,0x8b1b
2517,び,0x3073
2518,根,0x6839
2519,済,0x6e08
2520,坂,0x5742
2521,山,0x5c71
2522,司,0x53f8
2523,思,0x601d
2524,視,0x8996
2525,寺,0x5bfa
2526,識,0x8b58
2527,謝,0x8b1d
2528,酒,0x9152
2529,修,0x4fee
2530,従,0x5f93
2531,順,0x9806
2532,ぴ,0x3074
2533,除,0x9664
2534,焼,0x713c
2535,場,0x5834
2536,信,0x4fe1
2537,身,0x8eab
2538,制,0x5236
2539,生,0x751f
2540,席,0x5e2d
2541,節,0x7bc0
2542,戦,0x6226
2543,祖,0x7956
2544,草,0x8349
2545,測,0x6e2c
2546,尊,0x5c0a
2547,ふ,0x3075
2548,待,0x5f85
2549,達,0x9054
2550,地,0x5730
2551,柱,0x67f1
2552,腸,0x8178
2553,定,0x5b9a
2554,典,0x5178
2555,登,0x767b
2556,東,0x6771
2557,動,0x52d5
2558,毒,0x6bd2
2559,日,0x65e5
2560,農,0x8fb2
2561,売,0x58f2
2562,ぶ,0x3076
2563,板,0x677f
2564,費,0x8cbb
2565,標,0x6a19
2566,付,0x4ed8
2567,風,0x98a8
2568,粉,0x7c89
2569,辺,0x8fba
2570,包,0x5305
2571,北,0x5317
2572,脈,0x8108
2573,綿,0x7dbf
2574,約,0x7d04
2575,夕,0x5915
2576,要,0x8981
2577,ぷ,0x3077
2578,陸,0x9678
2579,良,0x826f
2580,例,0x4f8b
2581,六,0x516d
2582,へ,0x3078
2583,位,0x4f4d
2584,医,0x533b
2585,右,0x53f3
2586,液,0x6db2
2587,往,0x5f80
2588,下,0x4e0b
2589,果,0x679c
2590,画,0x753b
2591,界,0x754c
2592,確,0x78ba
2593,刊,0x520a
2594,観,0x89b3
2595,器,0x5668
2596,季,0x5b63
2597,べ,0x3079
2598,客,0x5ba2
2599,級,0x7d1a
2600,京,0x4eac
2601,鏡,0x93e1
2602,金,0x91d1
2603,群,0x7fa4
2604,経,0x7d4c
2605,件,0x4ef6
2606,絹,0x7d79
2607,言,0x8a00
2608,五,0x4e94
2609,功,0x529f
2610,康,0x5eb7
2611,鉱,0x9271
2612,ぺ,0x307a
2613,混,0x6df7
2614,災,0x707d
2615,作,0x4f5c
2616,散,0x6563
2617,史,0x53f2
2618,指,0x6307
2619,詞,0x8a5e
2620,持,0x6301
2621,七,0x4e03
2622,車,0x8eca
2623,首,0x9996
2624,拾,0x62fe
2625,重,0x91cd
2626,処,0x51e6
2627,ほ,0x307b
2628,勝,0x52dd
2629,照,0x7167
2630,常,0x5e38
2631,心,0x5fc3
2632,進,0x9032
2633,勢,0x52e2
2634,精,0x7cbe
2635,石,0x77f3
2636,説,0x8aac
2637,浅,0x6d45
2638,素,0x7d20
2639,走,0x8d70
2640,足,0x8db3
2641,損,0x640d
2642,ぼ,0x307c
2643,態,0x614b
2644,谷,0x8c37
2645,池,0x6c60
2646,注,0x6ce8
2647,調,0x8abf
2648,底,0x5e95
2649,天,0x5929
2650,都,0x90fd
2651,湯,0x6e6f
2652,同,0x540c
2653,独,0x72ec
2654,入,0x5165
2655,波,0x6ce2
2656,博,0x535a
2657,ぽ,0x307d
2658,版,0x7248
2659,非,0x975e
2660,氷,0x6c37
2661,夫,0x592b
2662,復,0x5fa9
2663,文,0x6587
2664,返,0x8fd4
2665,報,0x5831
2666,牧,0x7267
2667,民,0x6c11
2668,面,0x9762
2669,薬,0x85ac
2670,予,0x4e88
2671,陽,0x967d
2672,ま,0x307e
2673,律,0x5f8b
2674,量,0x91cf
2675,冷,0x51b7
2676,録,0x9332
2677,み,0x307f
2678,依,0x4f9d
2679,育,0x80b2
2680,雨,0x96e8
2681,益,0x76ca
2682,応,0x5fdc
2683,化,0x5316
2684,歌,0x6b4c
2685,芽,0x82bd
2686,絵,0x7d75
2687,覚,0x899a
2688,勧,0x52e7
2689,間,0x9593
2690,基,0x57fa
2691,紀,0x7d00
2692,む,0x3080
2693,逆,0x9006
2694,給,0x7d66
2695,供,0x4f9b
2696,業,0x696d
2697,銀,0x9280
2698,軍,0x8ecd
2699,計,0x8a08
2700,健,0x5065
2701,県,0x770c
2702,限,0x9650
2703,午,0x5348
2704,効,0x52b9
2705,校,0x6821
2706,高,0x9ad8
2707,め,0x3081
2708,左,0x5de6
2709,祭,0x796d
2710,昨,0x6628
2711,産,0x7523
2712,四,0x56db
2713,支,0x652f
2714,詩,0x8a69
2715,時,0x6642
2716,失,0x5931
2717,借,0x501f
2718,受,0x53d7
2719,秋,0x79cb
2720,宿,0x5bbf
2721,初,0x521d
2722,も,0x3082
2723,商,0x5546
2724,省,0x7701
2725,情,0x60c5
2726,新,0x65b0
2727,人,0x4eba
2728,性,0x6027
2729,聖,0x8056
2730,積,0x7a4d
2731,雪,0x96ea
2732,線,0x7dda
2733,組,0x7d44
2734,送,0x9001
2735,速,0x901f
2736,村,0x6751
2737,や,0x3084
2738,貸,0x8cb8
2739,単,0x5358
2740,置,0x7f6e
2741,虫,0x866b
2742,長,0x9577
2743,庭,0x5ead
2744,展,0x5c55
2745,努,0x52aa
2746,燈,0x71c8
2747,堂,0x5802
2748,読,0x8aad
2749,任,0x4efb
2750,派,0x6d3e
2751,白,0x767d
2752,ゆ,0x3086
2753,犯,0x72af
2754,飛,0x98db
2755,票,0x7968
2756,婦,0x5a66
2757,幅,0x5e45
2758,聞,0x805e
2759,便,0x4fbf
2760,放,0x653e
2761,本,0x672c
2762,務,0x52d9
2763,毛,0x6bdb
2764,訳,0x8a33
2765,余,0x4f59
2766,養,0x990a
2767,よ,0x3088
2768,率,0x7387
2769,領,0x9818
2770,礼,0x793c
2771,論,0x8ad6
2772,ら,0x3089
2773,囲,0x56f2
2774,一,0x4e00
2775,運,0x904b
2776,駅,0x99c5
2777,横,0x6a2a
2778,仮,0x4eee
2779,河,0x6cb3
2780,賀,0x8cc0
2781,開,0x958b
2782,角,0x89d2
2783,完,0x5b8c
2784,関,0x95a2
2785,寄,0x5bc4
2786,規,0x898f
2787,り,0x308a
2788,久,0x4e45
2789,旧,0x65e7
2790,競,0x7af6
2791,局,0x5c40
2792,九,0x4e5d
2793,郡,0x90e1
2794,軽,0x8efd
2795,兼,0x517c
2796,見,0x898b
2797,個,0x500b
2798,後,0x5f8c
2799,厚,0x539a
2800,構,0x69cb
2801,号,0x53f7
2802,る,0x308b
2803,差,0x5dee
2804,細,0x7d30
2805,策,0x7b56
2806,算,0x7b97
2807,士,0x58eb
2808,止,0x6b62
2809,試,0x8a66
2810,次,0x6b21
2811,室,0x5ba4
2812,釈,0x91c8
2813,授,0x6388
2814,終,0x7d42
2815,祝,0x795d
2816,所,0x6240
2817,れ,0x308c
2818,唱,0x5531
2819,称,0x79f0
2820,条,0x6761
2821,森,0x68ee
2822,仁,0x4ec1
2823,成,0x6210
2824,声,0x58f0
2825,績,0x7e3e
2826,絶,0x7d76
2827,船,0x8239
2828,創,0x5275
2829,像,0x50cf
2830,俗,0x4fd7
2831,他,0x4ed6
2832,ろ,0x308d
2833,退,0x9000
2834,炭,0x70ad
2835,築,0x7bc9
2836,著,0x8457
2837,鳥,0x9ce5
2838,弟,0x5f1f
2839,店,0x5e97
2840,度,0x5ea6
2841,当,0x5f53
2842,導,0x5c0e
2843,届,0x5c4a
2844,認,0x8a8d
2845,破,0x7834
2846,麦,0x9ea6
2847,わ,0x308f
2848,飯,0x98ef
2849,備,0x5099
2850,表,0x8868
2851,富,0x5bcc
2852,服,0x670d
2853,兵,0x5175
2854,勉,0x52c9
2855,方,0x65b9
2856,妹,0x59b9
2857,無,0x7121
2858,木,0x6728
2859,油,0x6cb9
2860,預,0x9810
2861,欲,0x6b32
2862,を,0x3092
2863,立,0x7acb
2864,力,0x529b
2865,歴,0x6b74
2866,和,0x548c
2867,ん,0x3093
2868,あ,0x3042
2869,愛,0x611b
2870,委,0x59d4
2871,壱,0x58f1
2872,雲,0x96f2
2873,円,0x5186
2874,王,0x738b
2875,何,0x4f55
2876,火,0x706b
2877,会,0x4f1a
2878,階,0x968e
2879,革,0x9769
2880,官,0x5b98
2881,館,0x9928
2882,希,0x5e0c
2883,い,0x3044
2884,記,0x8a18
2885,休,0x4f11
2886,牛,0x725b
2887,共,0x5171
2888,曲,0x66f2
2889,句,0x53e5
2890,係,0x4fc2
2891,芸,0x82b8
2892,券,0x5238
2893,険,0x967a
2894,古,0x53e4
2895,語,0x8a9e
2896,口,0x53e3
2897,港,0x6e2f
2898,う,0x3046
2899,合,0x5408
2900,査,0x67fb
2901,菜,0x83dc
2902,刷,0x5237
2903,蚕,0x8695
2904,始,0x59cb
2905,死,0x6b7b
2906,資,0x8cc7
2907,治,0x6cbb
2908,質,0x8cea
2909,弱,0x5f31
2910,需,0x9700
2911,習,0x7fd2
2912,出,0x51fa
2913,え,0x3048
2914,暑,0x6691
2915,小,0x5c0f
2916,章,0x7ae0
2917,状,0x72b6
2918,深,0x6df1
2919,図,0x56f3
2920,政,0x653f
2921,製,0x88fd
2922,責,0x8cac
2923,舌,0x820c
2924,選,0x9078
2925,倉,0x5009
2926,増,0x5897
2927,属,0x5c5e
2928,お,0x304a
2929,多,0x591a
2930,隊,0x968a
2931,短,0x77ed
2932,竹,0x7af9
2933,貯,0x8caf
2934,直,0x76f4
2935,提,0x63d0
2936,転,0x8ee2
2937,土,0x571f
2938,等,0x7b49
2939,童,0x7ae5
2940,内,0x5185
2941,熱,0x71b1
2942,馬,0x99ac
2943,か,0x304b
2944,畑,0x7551
2945,番,0x756a
2946,美,0x7f8e
2947,評,0x8a55
2948,布,0x5e03
2949,福,0x798f
2950,平,0x5e73
2951,弁,0x5f01
2952,法,0x6cd5
2953,毎,0x6bce
2954,名,0x540d
2955,目,0x76ee
2956,輸,0x8f38
2957,容,0x5bb9
2958,が,0x304c
2959,浴,0x6d74
2960,略,0x7565
2961,緑,0x7dd1
2962,列,0x5217
2963,話,0x8a71
2964,き,0x304d
2965,ゃ,0x3083
2966,悪,0x60aa
2967,意,0x610f
2968,印,0x5370
2969,営,0x55b6
2970,園,0x5712
2971,黄,0x9ec4
2972,価,0x4fa1
2973,花,0x82b1
2974,解,0x89e3
2975,貝,0x8c9d
2976,学,0x5b66
2977,幹,0x5e79
2978,岸,0x5cb8
2979,ぎ,0x304e
2980,旗,0x65d7
2981,貴,0x8cb4
2982,宮,0x5bae
2983,去,0x53bb
2984,協,0x5354
2985,極,0x6975
2986,区,0x533a
2987,兄,0x5144
2988,欠,0x6b20
2989,建,0x5efa
2990,験,0x9a13
2991,固,0x56fa
2992,誤,0x8aa4
2993,向,0x5411
2994,く,0x304f
2995,皇,0x7687
2996,告,0x544a
2997,再,0x518d
2998,際,0x969b
2999,察,0x5bdf
3000,賛,0x8cdb
3001,姉,0x59c9
3002,氏,0x6c0f
3003,歯,0x6b6f
3004,示,0x793a
3005,実,0x5b9f
3006,主,0x4e3b
3007,収,0x53ce
3008,衆,0x8846
3009,ぐ,0x3050
3010,術,0x8853
3011,書,0x66f8
3012,少,0x5c11
3013,証,0x8a3c
3014,植,0x690d
3015,申,0x7533
3016,推,0x63a8
3017,整,0x6574
3018,西,0x897f
3019,赤,0x8d64
3020,先,0x5148
3021,銭,0x92ad
3022,想,0x60f3
3023,蔵,0x8535
3024,け,0x3051
3025,族,0x65cf
3026,太,0x592a
3027,代,0x4ee3
3028,団,0x56e3
3029,茶,0x8336
3030,丁,0x4e01
3031,賃,0x8cc3
3032,程,0x7a0b
3033,点,0x70b9
3034,党,0x515a
3035,答,0x7b54
3036,道,0x9053
3037,南,0x5357
3038,年,0x5e74
3039,げ,0x3052
3040,拝,0x62dd
3041,八,0x516b
3042,否,0x5426
3043,鼻,0x9f3b
3044,病,0x75c5
3045,府,0x5e9c
3046,複,0x8907
3047,陛,0x965b
3048,保,0x4fdd
3049,豊,0x8c4a
3050,末,0x672b
3051,命,0x547d
3052,問,0x554f
3053,勇,0x52c7
3054,こ,0x3053
3055,曜,0x66dc
3056,来,0x6765
3057,流,0x6d41
3058,林,0x6797
3059,練,0x7df4
3060,ご,0x3054
3061,圧,0x5727
3062,易,0x6613
3063,員,0x54e1
3064,栄,0x6804
3065,延,0x5ef6
3066,億,0x5104
3067,加,0x52a0
3068,荷,0x8377
3069,回,0x56de
3070,外,0x5916
3071,楽,0x697d
3072,感,0x611f
3073,眼,0x773c
3074,期,0x671f
3075,さ,0x3055
3076,起,0x8d77
3077,急,0x6025
3078,居,0x5c45
3079,境,0x5883
3080,玉,0x7389
3081,苦,0x82e6
3082,型,0x578b
3083,決,0x6c7a
3084,憲,0x61b2
3085,元,0x5143
3086,己,0x5df1
3087,護,0x8b77
3088,后,0x540e
3089,耕,0x8015
3090,ざ,0x3056
3091,国,0x56fd
3092,最,0x6700
3093,在,0x5728
3094,殺,0x6bba
3095,酸,0x9178
3096,子,0x5b50
3097,私,0x79c1
3098,事,0x4e8b
3099,耳,0x8033
3100,舎,0x820e
3101,取,0x53d6
3102,周,0x5468
3103,週,0x9031
3104,述,0x8ff0
3105,し,0x3057
3106,ゅ,0x3085
3107,諸,0x8af8
3108,承,0x627f
3109,象,0x8c61
3110,織,0x7e54
3111,真,0x771f
3112,水,0x6c34
3113,星,0x661f
3114,誠,0x8aa0
3115,切,0x5207
3116,千,0x5343
3117,前,0x524d
3118,早,0x65e9
3119,造,0x9020
3120,じ,0x3058
3121,続,0x7d9a
3122,打,0x6253
3123,台,0x53f0
3124,断,0x65ad
3125,着,0x7740
3126,帳,0x5e33
3127,追,0x8ffd
3128,敵,0x6575
3129,伝,0x4f1d
3130,冬,0x51ac
3131,統,0x7d71
3132,銅,0x9285
3133,難,0x96e3
3134,念,0x5ff5
3135,す,0x3059
3136,敗,0x6557
3137,発,0x767a
3138,悲,0x60b2
3139,必,0x5fc5
3140,秒,0x79d2
3141,父,0x7236
3142,仏,0x4ecf
3143,米,0x7c73
3144,歩,0x6b69
3145,暴,0x66b4
3146,万,0x4e07
3147,明,0x660e
3148,門,0x9580
3149,友,0x53cb
3150,ず,0x305a
3151,様,0x69d8
3152,落,0x843d
3153,留,0x7559
3154,臨,0x81e8
3155,連,0x9023
3156,せ,0x305b
3157,安,0x5b89
3158,異,0x7570
3159,因,0x56e0
3160,永,0x6c38
3161,演,0x6f14
3162,屋,0x5c4b
3163,可,0x53ef
3164,課,0x8ab2
3165,快,0x5feb
3166,害,0x5bb3
3167,額,0x984d
3168,慣,0x6163
3169,岩,0x5ca9
3170,機,0x6a5f
3171,ぜ,0x305c
3172,技,0x6280
3173,救,0x6551
3174,挙,0x6319
3175,強,0x5f37
3176,勤,0x52e4
3177,具,0x5177
3178,形,0x5f62
3179,潔,0x6f54
3180,検,0x691c
3181,原,0x539f
3182,庫,0x5eab
3183,交,0x4ea4
3184,孝,0x5b5d
3185,考,0x8003
3186,そ,0x305d
3187,穀,0x7a40
3188,妻,0x59bb
3189,材,0x6750
3190,雑,0x96d1
3191,残,0x6b8b
3192,市,0x5e02
3193,糸,0x7cf8
3194,似,0x4f3c
3195,自,0x81ea
3196,写,0x5199
3197,守,0x5b88
3198,宗,0x5b97
3199,集,0x96c6
3200,春,0x6625
3201,ぞ,0x305e
3202,助,0x52a9
3203,招,0x62db
3204,賞,0x8cde
3205,職,0x8077
3206,神,0x795e
3207,数,0x6570
3208,晴,0x6674
3209,青,0x9752
3210,接,0x63a5
3211,宣,0x5ba3
3212,善,0x5584
3213,争,0x4e89
3214,側,0x5074
3215,卒,0x5352
3216,た,0x305f
3217,体,0x4f53
3218,大,0x5927
3219,男,0x7537
3220,中,0x4e2d
3221,張,0x5f35
3222,通,0x901a
3223,的,0x7684
3224,田,0x7530
3225,刀,0x5200
3226,討,0x8a0e
3227,得,0x5f97
3228,二,0x4e8c
3229,燃,0x71c3
3230,配,0x914d
3231,だ,0x3060
3232,判,0x5224
3233,比,0x6bd4
3234,筆,0x7b46
3235,品,0x54c1
3236,負,0x8ca0
3237,物,0x7269
3238,別,0x5225
3239,補,0x88dc
3240,望,0x671b
3241,満,0x6e80
3242,盟,0x76df
3243,夜,0x591c
3244,有,0x6709
3245,ち,0x3061
3246,ょ,0x3087
3247,洋,0x6d0b
3248,利,0x5229
3249,旅,0x65c5
3250,輪,0x8f2a
3251,路,0x8def
3252,ぢ,0x3062
3253,暗,0x6697
3254,移,0x79fb
3255,引,0x5f15
3256,泳,0x6cf3
3257,遠,0x9060
3258,恩,0x6069
3259,夏,0x590f
3260,貨,0x8ca8
3261,改,0x6539
3262,各,0x5404
3263,活,0x6d3b
3264,歓,0x6b53
3265,顔,0x9854
3266,帰,0x5e30
3267,つ,0x3064
3268,疑,0x7591
3269,求,0x6c42
3270,許,0x8a31
3271,教,0x6559
3272,均,0x5747
3273,空,0x7a7a
3274,敬,0x656c
3275,結,0x7d50
3276,権,0x6a29
3277,厳,0x53b3
3278,戸,0x6238
3279,候,0x5019
3280,工,0x5de5
3281,航,0x822a
3282,づ,0x3065
3283,黒,0x9ed2
3284,才,0x624d
3285,罪,0x7f6a
3286,三,0x4e09
3287,仕,0x4ed5
3288,師,0x5e2b
3289,紙,0x7d19
3290,児,0x5150
3291,辞,0x8f9e
3292,社,0x793e
3293,手,0x624b
3294,就,0x5c31
3295,住,0x4f4f
3296,準,0x6e96
3297,て,0x3066
3298,女,0x5973
3299,昭,0x662d
3300,上,0x4e0a
3301,色,0x8272
3302,臣,0x81e3
3303,世,0x4e16
3304,正,0x6b63
3305,静,0x9759
3306,折,0x6298
3307,専,0x5c02
3308,然,0x7136
3309,相,0x76f8
3310,則,0x5247
3311,存,0x5b58
3312,で,0x3067
3313,対,0x5bfe
3314,第,0x7b2c
3315,談,0x8ac7
3316,忠,0x5fe0
3317,朝,0x671d
3318,低,0x4f4e
3319,適,0x9069
3320,電,0x96fb
3321,島,0x5cf6
3322,頭,0x982d
3323,徳,0x5fb3
3324,弐,0x5f10
3325,納,0x7d0d
3326,倍,0x500d
3327,と,0x3068
3328,半,0x534a
3329,皮,0x76ae
3330,百,0x767e
3331,貧,0x8ca7
3332,武,0x6b66
3333,分,0x5206
3334,変,0x5909
3335,墓,0x5893
3336,貿,0x8cbf
3337,味,0x5473
3338,迷,0x8ff7
3339,野,0x91ce
3340,由,0x7531
3341,用,0x7528
3342,ど,0x3069
3343,理,0x7406
3344,両,0x4e21
3345,類,0x985e
3346,労,0x52b4
3347,な,0x306a
3348,案,0x6848
3349,胃,0x80c3
3350,飲,0x98f2
3351,英,0x82f1
3352,塩,0x5869
3353,温,0x6e29
3354,家,0x5bb6
3355,過,0x904e
3356,械,0x68b0
3357,拡,0x62e1
3358,株,0x682a
3359,漢,0x6f22
3360,願,0x9858
3361,気,0x6c17
3362,に,0x306b
3363,っ,0x3063
3364,義,0x7fa9
3365,球,0x7403
3366,漁,0x6f01
3367,橋,0x6a4b
3368,禁,0x7981
3369,君,0x541b
3370,景,0x666f
3371,血,0x8840
3372,犬,0x72ac
3373,減,0x6e1b
3374,故,0x6545
3375,光,0x5149
3376,幸,0x5e78
3377,ぬ,0x306c
3378,行,0x884c
3379,今,0x4eca
3380,採,0x63a1
3381,財,0x8ca1
3382,参,0x53c2
3383,使,0x4f7f
3384,志,0x5fd7
3385,至,0x81f3
3386,字,0x5b57
3387,式,0x5f0f
3388,者,0x8005
3389,種,0x7a2e
3390,州,0x5dde
3391,十,0x5341
3392,ね,0x306d
3393,純,0x7d14
3394,序,0x5e8f
3395,消,0x6d88
3396,乗,0x4e57
3397,食,0x98df
3398,親,0x89aa
3399,是,0x662f
3400,清,0x6e05
3401,税,0x7a0e
3402,設,0x8a2d
3403,川,0x5ddd
3404,全,0x5168
3405,総,0x7dcf
3406,息,0x606f
3407,の,0x306e
3408,孫,0x5b6b
3409,帯,0x5e2f
3410,題,0x984c
3411,知,0x77e5
3412,昼,0x663c
3413,町,0x753a
3414,停,0x505c
3415,鉄,0x9244
3416,徒,0x5f92
3417,投,0x6295
3418,働,0x50cd
3419,特,0x7279
3420,肉,0x8089
3421,能,0x80fd
3422,は,0x306f
3423,買,0x8cb7
3424,反,0x53cd
3425,肥,0x80a5
3426,俵,0x4ff5
3427,不,0x4e0d
3428,部,0x90e8
3429,奮,0x596e
3430,編,0x7de8
3431,母,0x6bcd
3432,防,0x9632
3433,未,0x672a
3434,鳴,0x9cf4
3435,役,0x5f79
3436,遊,0x904a
3437,ば,0x3070
3438,葉,0x8449
3439,里,0x91cc
3440,料,0x6599
3441,令,0x4ee4
3442,老,0x8001
3443,ぱ,0x3071
3444,以,0x4ee5
3445,遺,0x907a
3446,院,0x9662
3447,衛,0x885b
3448,央,0x592e
3449,音,0x97f3
3450,科,0x79d1
3451,我,0x6211
3452,海,0x6d77
3453,格,0x683c
3454,寒,0x5bd2
3455,管,0x7ba1
3456,喜,0x559c
3457,汽,0x6c7d
3458,ひ,0x3072
3459,議,0x8b70
3460,究,0x7a76
3461,魚,0x9b5a
3462,興,0x8208
3463,近,0x8fd1
3464,訓,0x8a13
3465,系,0x7cfb
3466,月,0x6708
3467,研,0x7814
3468,現,0x73fe
3469,湖,0x6e56
3470,公,0x516c
3471,広,0x5e83
3472,講,0x8b1b
3473,び,0x3073
3474,根,0x6839
3475,済,0x6e08
3476,坂,0x5742
3477,山,0x5c71
3478,司,0x53f8
3479,思,0x601d
3480,視,0x8996
3481,寺,0x5bfa
3482,識,0x8b58
3483,謝,0x8b1d
3484,酒,0x9152
3485,修,0x4fee
3486,従,0x5f93
3487,順,0x9806
3488,ぴ,0x3074
3489,除,0x9664
3490,焼,0x713c
3491,場,0x5834
3492,信,0x4fe1
3493,身,0x8eab
3494,制,0x5236
3495,生,0x751f
3496,席,0x5e2d
3497,節,0x7bc0
3498,戦,0x6226
3499,祖,0x7956
3500,草,0x8349
3501,測,0x6e2c
3502,尊,0x5c0a
3503,ふ,0x3075
3504,待,0x5f85
3505,達,0x9054
3506,地,0x5730
3507,柱,0x67f1
3508,腸,0x8178
3509,定,0x5b9a
3510,典,0x5178
3511,登,0x767b
3512,東,0x6771
3513,動,0x52d5
3514,毒,0x6bd2
3515,日,0x65e5
3516,農,0x8fb2
3517,売,0x58f2
3518,ぶ,0x3076
3519,板,0x677f
3520,費,0x8cbb
3521,標,0x6a19
3522,付,0x4ed8
3523,風,0x98a8
3524,粉,0x7c89
3525,辺,0x8fba
3526,包,0x5305
3527,北,0x5317
3528,脈,0x8108
3529,綿,0x7dbf
3530,約,0x7d04
3531,夕,0x5915
3532,要,0x8981
3533,ぷ,0x3077
3534,陸,0x9678
3535,良,0x826f
3536,例,0x4f8b
3537,六,0x516d
3538,へ,0x3078
3539,位,0x4f4d
3540,医,0x533b
3541,右,0x53f3
3542,液,0x6db2
3543,往,0x5f80
3544,下,0x4e0b
3545,果,0x679c
3546,画,0x753b
3547,界,0x754c
3548,確,0x78ba
3549,刊,0x520a
3550,観,0x89b3
3551,器,0x5668
3552,季,0x5b63
3553,べ,0x3079
3554,客,0x5ba2
3555,級,0x7d1a
3556,京,0x4eac
3557,鏡,0x93e1
3558,金,0x91d1
3559,群,0x7fa4
3560,経,0x7d4c
3561,件,0x4ef6
3562,絹,0x7d79
3563,言,0x8a00
3564,五,0x4e94
3565,功,0x529f
3566,康,0x5eb7
3567,鉱,0x9271
3568,ぺ,0x307a
3569,混,0x6df7
3570,災,0x707d
3571,作,0x4f5c
3572,散,0x6563
3573,史,0x53f2
3574,指,0x6307
3575,詞,0x8a5e
3576,持,0x6301
3577,七,0x4e03
3578,車,0x8eca
3579,首,0x9996
3580,拾,0x62fe
3581,重,0x91cd
3582,処,0x51e6
3583,ほ,0x307b
3584,勝,0x52dd
3585,照,0x7167
3586,常,0x5e38
3587,心,0x5fc3
3588,進,0x9032
3589,勢,0x52e2
3590,精,0x7cbe
3591,石,0x77f3
3592,説,0x8aac
3593,浅,0x6d45
3594,素,0x7d20
3595,走,0x8d70
3596,足,0x8db3
3597,損,0x640d
3598,ぼ,0x307c
3599,態,0x614b
3600,谷,0x8c37
3601,池,0x6c60
3602,注,0x6ce8
3603,調,0x8abf
3604,底,0x5e95
3605,天,0x5929
3606,都,0x90fd
3607,湯,0x6e6f
3608,同,0x540c
3609,独,0x72ec
3610,入,0x5165
3611,波,0x6ce2
3612,博,0x535a
3613,ぽ,0x307d
3614,版,0x7248
3615,非,0x975e
3616,氷,0x6c37
3617,夫,0x592b
3618,復,0x5fa9
3619,文,0x6587
3620,返,0x8fd4
3621,報,0x5831
3622,牧,0x7267
3623,民,0x6c11
3624,面,0x9762
3625,薬,0x85ac
3626,予,0x4e88
3627,陽,0x967d
3628,ま,0x307e
3629,律,0x5f8b
3630,量,0x91cf
3631,冷,0x51b7
3632,録,0x9332
3633,み,0x307f
3634,依,0x4f9d
3635,育,0x80b2
3636,雨,0x96e8
3637,益,0x76ca
3638,応,0x5fdc
3639,化,0x5316
3640,歌,0x6b4c
3641,芽,0x82bd
3642,絵,0x7d75
3643,覚,0x899a
3644,勧,0x52e7
3645,間,0x9593
3646,基,0x57fa
3647,紀,0x7d00
3648,む,0x3080
3649,逆,0x9006
3650,給,0x7d66
3651,供,0x4f9b
3652,業,0x696d
3653,銀,0x9280
3654,軍,0x8ecd
3655,計,0x8a08
3656,健,0x5065
3657,県,0x770c
3658,限,0x9650
3659,午,0x5348
3660,効,0x52b9
3661,校,0x6821
3662,高,0x9ad8
3663,め,0x3081
3664,左,0x5de6
3665,祭,0x796d
3666,昨,0x6628
3667,産,0x7523
3668,四,0x56db
3669,支,0x652f
3670,詩,0x8a69
3671,時,0x6642
3672,失,0x5931
3673,借,0x501f
3674,受,0x53d7
3675,秋,0x79cb
3676,宿,0x5bbf
3677,初,0x521d
3678,も,0x3082
3679,商,0x5546
3680,省,0x7701
3681,情,0x60c5
3682,新,0x65b0
3683,人,0x4eba
3684,性,0x6027
3685,聖,0x8056
3686,積,0x7a4d
3687,雪,0x96ea
3688,線,0x7dda
3689,組,0x7d44
3690,送,0x9001
3691,速,0x901f
3692,村,0x6751
3693,や,0x3084
3694,貸,0x8cb8
3695,単,0x5358
3696,置,0x7f6e
3697,虫,0x866b
3698,長,0x9577
3699,庭,0x5ead
3700,展,0x5c55
3701,努,0x52aa
3702,燈,0x71c8
3703,堂,0x5802
3704,読,0x8aad
3705,任,0x4efb
3706,派,0x6d3e
3707,白,0x767d
3708,ゆ,0x3086
3709,犯,0x72af
3710,飛,0x98db
3711,票,0x7968
3712,婦,0x5a66
3713,幅,0x5e45
3714,聞,0x805e
3715,便,0x4fbf
3716,放,0x653e
3717,本,0x672c
3718,務,0x52d9
3719,毛,0x6bdb
3720,訳,0x8a33
3721,余,0x4f59
3722,養,0x990a
3723,よ,0x3088
3724,率,0x7387
3725,領,0x9818
3726,礼,0x793c
3727,論,0x8ad6
3728,ら,0x3089
3729,囲,0x56f2
3730,一,0x4e00
3731,運,0x904b
3732,駅,0x99c5
3733,横,0x6a2a
3734,仮,0x4eee
3735,河,0x6cb3
3736,賀,0x8cc0
3737,開,0x958b
3738,角,0x89d2
3739,完,0x5b8c
3740,関,0x95a2
3741,寄,0x5bc4
3742,規,0x898f
3743,り,0x308a
3744,久,0x4e45
3745,旧,0x65e7
3746,競,0x7af6
3747,局,0x5c40
3748,九,0x4e5d
3749,郡,0x90e1
3750,軽,0x8efd
3751,兼,0x517c
3752,見,0x898b
3753,個,0x500b
3754,後,0x5f8c
3755,厚,0x539a
3756,構,0x69cb
3757,号,0x53f7
3758,る,0x308b
3759,差,0x5dee
3760,細,0x7d30
3761,策,0x7b56
3762,算,0x7b97
3763,士,0x58eb
3764,止,0x6b62
3765,試,0x8a66
3766,次,0x6b21
3767,室,0x5ba4
3768,釈,0x91c8
3769,授,0x6388
3770,終,0x7d42
3771,祝,0x795d
3772,所,0x6240
3773,れ,0x308c
3774,唱,0x5531
3775,称,0x79f0
3776,条,0x6761
3777,森,0x68ee
3778,仁,0x4ec1
3779,成,0x6210
3780,声,0x58f0
3781,績,0x7e3e
3782,絶,0x7d76
3783,船,0x8239
3784,創,0x5275
3785,像,0x50cf
3786,俗,0x4fd7
3787,他,0x4ed6
3788,ろ,0x308d
3789,退,0x9000
3790,炭,0x70ad
3791,築,0x7bc9
3792,著,0x8457
3793,鳥,0x9ce5
3794,弟,0x5f1f
3795,店,0x5e97
3796,度,0x5ea6
3797,当,0x5f53
3798,導,0x5c0e
3799,届,0x5c4a
3800,認,0x8a8d
3801,破,0x7834
3802,麦,0x9ea6
3803,わ,0x308f
3804,飯,0x98ef
3805,備,0x5099
3806,表,0x8868
3807,富,0x5bcc
3808,服,0x670d
3809,兵,0x5175
3810,勉,0x52c9
3811,方,0x65b9
3812,妹,0x59b9
3813,無,0x7121
3814,木,0x6728
3815,油,0x6cb9
3816,預,0x9810
3817,欲,0x6b32
3818,を,0x3092
3819,立,0x7acb
3820,力,0x529b
3821,歴,0x6b74
3822,和,0x548c
3823,ん,0x3093
3824,あ,0x3042
3825,愛,0x611b
3826,委,0x59d4
3827,壱,0x58f1
3828,雲,0x96f2
3829,円,0x5186
3830,王,0x738b
3831,何,0x4f55
3832,火,0x706b
3833,会,0x4f1a
3834,階,0x968e
3835,革,0x9769
3836,官,0x5b98
3837,館,0x9928
3838,希,0x5e0c
3839,い,0x3044
3840,記,0x8a18
3841,休,0x4f11
3842,牛,0x725b
3843,共,0x5171
3844,曲,0x66f2
3845,句,0x53e5
3846,係,0x4fc2
3847,芸,0x82b8
3848,券,0x5238
3849,険,0x967a
3850,古,0x53e4
3851,語,0x8a9e
3852,口,0x53e3
3853,港,0x6e2f
3854,う,0x3046
3855,合,0x5408
3856,査,0x67fb
3857,菜,0x83dc
3858,刷,0x5237
3859,蚕,0x8695
3860,始,0x59cb
3861,死,0x6b7b
3862,資,0x8cc7
3863,治,0x6cbb
3864,質,0x8cea
3865,弱,0x5f31
3866,需,0x9700
3867,習,0x7fd2
3868,出,0x51fa
3869,え,0x3048
3870,暑,0x6691
3871,小,0x5c0f
3872,章,0x7ae0
3873,状,0x72b6
3874,深,0x6df1
3875,図,0x56f3
3876,政,0x653f
3877,製,0x88fd
3878,責,0x8cac
3879,舌,0x820c
3880,選,0x9078
3881,倉,0x5009
3882,増,0x5897
3883,属,0x5c5e
3884,お,0x304a
3885,多,0x591a
3886,隊,0x968a
3887,短,0x77ed
3888,竹,0x7af9
3889,貯,0x8caf
3890,直,0x76f4
3891,提,0x63d0
3892,転,0x8ee2
3893,土,0x571f
3894,等,0x7b49
3895,童,0x7ae5
3896,内,0x5185
3897,熱,0x71b1
3898,馬,0x99ac
3899,か,0x304b
3900,畑,0x7551
3901,番,0x756a
3902,美,0x7f8e
3903,評,0x8a55
3904,布,0x5e03
3905,福,0x798f
3906,平,0x5e73
3907,弁,0x5f01
3908,法,0x6cd5
3909,毎,0x6bce
3910,名,0x540d
3911,目,0x76ee
3912,輸,0x8f38
3913,容,0x5bb9
3914,が,0x304c
3915,浴,0x6d74
3916,略,0x7565
3917,緑,0x7dd1
3918,列,0x5217
3919,話,0x8a71
3920,き,0x304d
3921,ゃ,0x3083
3922,悪,0x60aa
3923,意,0x610f
3924,印,0x5370
3925,営,0x55b6
3926,園,0x5712
3927,黄,0x9ec4
3928,価,0x4fa1
3929,花,0x82b1
3930,解,0x89e3
3931,貝,0x8c9d
3932,学,0x5b66
3933,幹,0x5e79
3934,岸,0x5cb8
3935,ぎ,0x304e
3936,旗,0x65d7
3937,貴,0x8cb4
3938,宮,0x5bae
3939,去,0x53bb
3940,協,0x5354
3941,極,0x6975
3942,区,0x533a
3943,兄,0x5144
3944,欠,0x6b20
3945,建,0x5efa
3946,験,0x9a13
3947,固,0x56fa
3948,誤,0x8aa4
3949,向,0x5411
3950,く,0x304f
3951,皇,0x7687
3952,告,0x544a
3953,再,0x518d
3954,際,0x969b
3955,察,0x5bdf
3956,賛,0x8cdb
3957,姉,0x59c9
3958,氏,0x6c0f
3959,歯,0x6b6f
3960,示,0x793a
3961,実,0x5b9f
3962,主,0x4e3b
3963,収,0x53ce
3964,衆,0x8846
3965,ぐ,0x3050
3966,術,0x8853
3967,書,0x66f8
3968,少,0x5c11
3969,証,0x8a3c
3970,植,0x690d
3971,申,0x7533
3972,推,0x63a8
3973,整,0x6574
3974,西,0x897f
3975,赤,0x8d64
3976,先,0x5148
3977,銭,0x92ad
3978,想,0x60f3
3979,蔵,0x8535
3980,け,0x3051
3981,族,0x65cf
3982,太,0x592a
3983,代,0x4ee3
3984,団,0x56e3
3985,茶,0x8336
3986,丁,0x4e01
3987,賃,0x8cc3
3988,程,0x7a0b
3989,点,0x70b9
3990,党,0x515a
3991,答,0x7b54
3992,道,0x9053
3993,南,0x5357
3994,年,0x5e74
3995,げ,0x3052
3996,拝,0x62dd
3997,八,0x516b
3998,否,0x5426
3999,鼻,0x9f3b
4000,病,0x75c5
4001,府,0x5e9c
4002,複,0x8907
4003,陛,0x965b
4004,保,0x4fdd
4005,豊,0x8c4a
4006,末,0x672b
4007,命,0x547d
4008,問,0x554f
4009,勇,0x52c7
4010,こ,0x3053
4011,曜,0x66dc
4012,来,0x6765
4013,流,0x6d41
4014,林,0x6797
4015,練,0x7df4
4016,ご,0x3054
4017,圧,0x5727
4018,易,0x6613
4019,員,0x54e1
4020,栄,0x6804
4021,延,0x5ef6
4022,億,0x5104
4023,加,0x52a0
4024,荷,0x8377
4025,回,0x56de
4026,外,0x5916
4027,楽,0x697d
4028,感,0x611f
4029,眼,0x773c
4030,期,0x671f
4031,さ,0x3055
4032,起,0x8d77
4033,急,0x6025
4034,居,0x5c45
4035,境,0x5883
4036,玉,0x7389
4037,苦,0x82e6
4038,型,0x578b
4039,決,0x6c7a
4040,憲,0x61b2
4041,元,0x5143
4042,己,0x5df1
4043,護,0x8b77
4044,后,0x540e
4045,耕,0x8015
4046,ざ,0x3056
4047,国,0x56fd
4048,最,0x6700
4049,在,0x5728
4050,殺,0x6bba
4051,酸,0x9178
4052,子,0x5b50
4053,私,0x79c1
4054,事,0x4e8b
4055,耳,0x8033
4056,舎,0x820e
4057,取,0x53d6
4058,周,0x5468
4059,週,0x9031
4060,述,0x8ff0
4061,し,0x3057
4062,ゅ,0x3085
4063,諸,0x8af8
4064,承,0x627f
4065,象,0x8c61
4066,織,0x7e54
4067,真,0x771f
4068,水,0x6c34
4069,星,0x661f
4070,誠,0x8aa0
4071,切,0x5207
4072,千,0x5343
4073,前,0x524d
4074,早,0x65e9
4075,造,0x9020
4076,じ,0x3058
4077,続,0x7d9a
4078,打,0x6253
4079,台,0x53f0
4080,断,0x65ad
4081,着,0x7740
4082,帳,0x5e33
4083,追,0x8ffd
4084,敵,0x6575
4085,伝,0x4f1d
4086,冬,0x51ac
4087,統,0x7d71
4088,銅,0x9285
4089,難,0x96e3
4090,念,0x5ff5
4091,す,0x3059
4092,敗,0x6557
4093,発,0x767a
4094,悲,0x60b2
4095,必,0x5fc5
4096,秒,0x79d2
4097,父,0x7236
4098,仏,0x4ecf
4099,米,0x7c73
4100,歩,0x6b69
4101,暴,0x66b4
4102,万,0x4e07
4103,明,0x660e
4104,門,0x9580
4105,友,0x53cb
4106,ず,0x305a
4107,様,0x69d8
4108,落,0x843d
4109,留,0x7559
4110,臨,0x81e8
4111,連,0x9023
4112,せ,0x305b
4113,安,0x5b89
4114,異,0x7570
4115,因,0x56e0
4116,永,0x6c38
4117,演,0x6f14
4118,屋,0x5c4b
4119,可,0x53ef
4120,課,0x8ab2
4121,快,0x5feb
4122,害,0x5bb3
4123,額,0x984d
4124,慣,0x6163
4125,岩,0x5ca9
4126,機,0x6a5f
4127,ぜ,0x305c
4128,技,0x6280
4129,救,0x6551
4130,挙,0x6319
4131,強,0x5f37
4132,勤,0x52e4
4133,具,0x5177
4134,形,0x5f62
4135,潔,0x6f54
4136,検,0x691c
4137,原,0x539f
4138,庫,0x5eab
4139,交,0x4ea4
4140,孝,0x5b5d
4141,考,0x8003
4142,そ,0x305d
4143,穀,0x7a40
4144,妻,0x59bb
4145,材,0x6750
4146,雑,0x96d1
4147,残,0x6b8b
4148,市,0x5e02
4149,糸,0x7cf8
4150,似,0x4f3c
4151,自,0x81ea
4152,写,0x5199
4153,守,0x5b88
4154,宗,0x5b97
4155,集,0x96c6
4156,春,0x6625
4157,ぞ,0x305e
4158,助,0x52a9
4159,招,0x62db
4160,賞,0x8cde
4161,職,0x8077
4162,神,0x795e
4163,数,0x6570
4164,晴,0x6674
4165,青,0x9752
4166,接,0x63a5
4167,宣,0x5ba3
4168,善,0x5584
4169,争,0x4e89
4170,側,0x5074
4171,卒,0x5352
4172,た,0x305f
4173,体,0x4f53
4174,大,0x5927
4175,男,0x7537
4176,中,0x4e2d
4177,張,0x5f35
4178,通,0x901a
4179,的,0x7684
4180,田,0x7530
4181,刀,0x5200
4182,討,0x8a0e
4183,得,0x5f97
4184,二,0x4e8c
4185,燃,0x71c3
4186,配,0x914d
4187,だ,0x3060
4188,判,0x5224
4189,比,0x6bd4
4190,筆,0x7b46
4191,品,0x54c1
4192,負,0x8ca0
4193,物,0x7269
4194,別,0x5225
4195,補,0x88dc
4196,望,0x671b
4197,満,0x6e80
4198,盟,0x76df
4199,夜,0x591c
4200,有,0x6709
4201,ち,0x3061
4202,ょ,0x3087
4203,洋,0x6d0b
4204,利,0x5229
4205,旅,0x65c5
4206,輪,0x8f2a
4207,路,0x8def
4208,ぢ,0x3062
4209,暗,0x6697
4210,移,0x79fb
4211,引,0x5f15
4212,泳,0x6cf3
4213,遠,0x9060
4214,恩,0x6069
4215,夏,0x590f
4216,貨,0x8ca8
4217,改,0x6539
4218,各,0x5404
4219,活,0x6d3b
4220,歓,0x6b53
4221,顔,0x9854
4222,帰,0x5e30
4223,つ,0x3064
4224,疑,0x7591
4225,求,0x6c42
4226,許,0x8a31
4227,教,0x6559
4228,均,0x5747
4229,空,0x7a7a
4230,敬,0x656c
4231,結,0x7d50
4232,権,0x6a29
4233,厳,0x53b3
4234,戸,0x6238
4235,候,0x5019
4236,工,0x5de5
4237,航,0x822a
4238,づ,0x3065
4239,黒,0x9ed2
4240,才,0x624d
4241,罪,0x7f6a
4242,三,0x4e09
4243,仕,0x4ed5
4244,師,0x5e2b
4245,紙,0x7d19
4246,児,0x5150
4247,辞,0x8f9e
4248,社,0x793e
4249,手,0x624b
4250,就,0x5c31
4251,住,0x4f4f
4252,準,0x6e96
4253,て,0x3066
4254,女,0x5973
4255,昭,0x662d
4256,上,0x4e0a
4257,色,0x8272
4258,臣,0x81e3
4259,世,0x4e16
4260,正,0x6b63
4261,静,0x9759
4262,折,0x6298
4263,専,0x5c02
4264,然,0x7136
4265,相,0x76f8
4266,則,0x5247
4267,存,0x5b58
4268,で,0x3067
4269,対,0x5bfe
4270,第,0x7b2c
4271,談,0x8ac7
4272,忠,0x5fe0
4273,朝,0x671d
4274,低,0x4f4e
4275,適,0x9069
4276,電,0x96fb
4277,島,0x5cf6
4278,頭,0x982d
4279,徳,0x5fb3
4280,弐,0x5f10
4281,納,0x7d0d
4282,倍,0x500d
4283,と,0x3068
4284,半,0x534a
4285,皮,0x76ae
4286,百,0x767e
4287,貧,0x8ca7
4288,武,0x6b66
4289,分,0x5206
4290,変,0x5909
4291,墓,0x5893
4292,貿,0x8cbf
4293,味,0x5473
4294,迷,0x8ff7
4295,野,0x91ce
4296,由,0x7531
4297,用,0x7528
4298,ど,0x3069
4299,理,0x7406
4300,両,0x4e21
4301,類,0x985e
4302,労,0x52b4
4303,な,0x306a
4304,案,0x6848
4305,胃,0x80c3
4306,飲,0x98f2
4307,英,0x82f1
4308,塩,0x5869
4309,温,0x6e29
4310,家,0x5bb6
4311,過,0x904e
4312,械,0x68b0
4313,拡,0x62e1
4314,株,0x682a
4315,漢,0x6f22
4316,願,0x9858
4317,気,0x6c17
4318,に,0x306b
4319,っ,0x3063
4320,義,0x7fa9
4321,球,0x7403
4322,漁,0x6f01
4323,橋,0x6a4b
4324,禁,0x7981
4325,君,0x541b
4326,景,0x666f
4327,血,0x8840
4328,犬,0x72ac
4329,減,0x6e1b
4330,故,0x6545
4331,光,0x5149
4332,幸,0x5e78
4333,ぬ,0x306c
4334,行,0x884c
4335,今,0x4eca
4336,採,0x63a1
4337,財,0x8ca1
4338,参,0x53c2
4339,使,0x4f7f
4340,志,0x5fd7
4341,至,0x81f3
4342,字,0x5b57
4343,式,0x5f0f
4344,者,0x8005
4345,種,0x7a2e
4346,州,0x5dde
4347,十,0x5341
4348,ね,0x306d
4349,純,0x7d14
4350,序,0x5e8f
4351,消,0x6d88
4352,乗,0x4e57
4353,食,0x98df
4354,親,0x89aa
4355,是,0x662f
4356,清,0x6e05
4357,税,0x7a0e
4358,設,0x8a2d
4359,川,0x5ddd
4360,全,0x5168
4361,総,0x7dcf
4362,息,0x606f
4363,の,0x306e
4364,孫,0x5b6b
4365,帯,0x5e2f
4366,題,0x984c
4367,知,0x77e5
4368,昼,0x663c
4369,町,0x753a
4370,停,0x505c
4371,鉄,0x9244
4372,徒,0x5f92
4373,投,0x6295
4374,働,0x50cd
4375,特,0x7279
4376,肉,0x8089
4377,能,0x80fd
4378,は,0x306f
4379,買,0x8cb7
4380,反,0x53cd
4381,肥,0x80a5
4382,俵,0x4ff5
4383,不,0x4e0d
4384,部,0x90e8
4385,奮,0x596e
4386,編,0x7de8
4387,母,0x6bcd
4388,防,0x9632
4389,未,0x672a
4390,鳴,0x9cf4
4391,役,0x5f79
4392,遊,0x904a
4393,ば,0x3070
4394,葉,0x8449
4395,里,0x91cc
4396,料,0x6599
4397,令,0x4ee4
4398,老,0x8001
4399,ぱ,0x3071
4400,以,0x4ee5
4401,遺,0x907a
4402,院,0x9662
4403,衛,0x885b
4404,央,0x592e
4405,音,0x97f3
4406,科,0x79d1
4407,我,0x6211
4408,海,0x6d77
4409,格,0x683c
4410,寒,0x5bd2
4411,管,0x7ba1
4412,喜,0x559c
4413,汽,0x6c7d
4414,ひ,0x3072
4415,議,0x8b70
4416,究,0x7a76
4417,魚,0x9b5a
4418,興,0x8208
4419,近,0x8fd1
4420,訓,0x8a13
4421,系,0x7cfb
4422,月,0x6708
4423,研,0x7814
4424,現,0x73fe
4425,湖,0x6e56
4426,公,0x516c
4427,広,0x5e83
4428,講,0x8b1b
4429,び,0x3073
4430,根,0x6839
4431,済,0x6e08
4432,坂,0x5742
4433,山,0x5c71
4434,司,0x53f8
4435,思,0x601d
4436,視,0x8996
4437,寺,0x5bfa
4438,識,0x8b58
4439,謝,0x8b1d
4440,酒,0x9152
4441,修,0x4fee
4442,従,0x5f93
4443,順,0x9806
4444,ぴ,0x3074
4445,除,0x9664
4446,焼,0x713c
4447,場,0x5834
4448,信,0x4fe1
4449,身,0x8eab
4450,制,0x5236
4451,生,0x751f
4452,席,0x5e2d
4453,節,0x7bc0
4454,戦,0x6226
4455,祖,0x7956
4456,草,0x8349
4457,測,0x6e2c
4458,尊,0x5c0a
4459,ふ,0x3075
4460,待,0x5f85
4461,達,0x9054
4462,地,0x5730
4463,柱,0x67f1
4464,腸,0x8178
4465,定,0x5b9a
4466,典,0x5178
4467,登,0x767b
4468,東,0x6771
4469,動,0x52d5
4470,毒,0x6bd2
4471,日,0x65e5
4472,農,0x8fb2
4473,売,0x58f2
4474,ぶ,0x3076
4475,板,0x677f
4476,費,0x8cbb
4477,標,0x6a19
4478,付,0x4ed8
4479,風,0x98a8
4480,粉,0x7c89
4481,辺,0x8fba
4482,包,0x5305
4483,北,0x5317
4484,脈,0x8108
4485,綿,0x7dbf
4486,約,0x7d04
4487,夕,0x5915
4488,要,0x8981
4489,ぷ,0x3077
4490,陸,0x9678
4491,良,0x826f
4492,例,0x4f8b
4493,六,0x516d
4494,へ,0x3078
4495,位,0x4f4d
4496,医,0x533b
4497,右,0x53f3
4498,液,0x6db2
4499,往,0x5f80
4500,下,0x4e0b
4501,果,0x679c
4502,画,0x753b
4503,界,0x754c
4504,確,0x78ba
4505,刊,0x520a
4506,観,0x89b3
4507,器,0x5668
4508,季,0x5b63
4509,べ,0x3079
4510,客,0x5ba2
4511,級,0x7d1a
4512,京,0x4eac
4513,鏡,0x93e1
4514,金,0x91d1
4515,群,0x7fa4
4516,経,0x7d4c
4517,件,0x4ef6
4518,絹,0x7d79
4519,言,0x8a00
4520,五,0x4e94
4521,功,0x529f
4522,康,0x5eb7
4523,鉱,0x9271
4524,ぺ,0x307a
4525,混,0x6df7
4526,災,0x707d
4527,作,0x4f5c
4528,散,0x6563
4529,史,0x53f2
4530,指,0x6307
4531,詞,0x8a5e
4532,持,0x6301
4533,七,0x4e03
4534,車,0x8eca
4535,首,0x9996
4536,拾,0x62fe
4537,重,0x91cd
4538,処,0x51e6
4539,ほ,0x307b
4540,勝,0x52dd
4541,照,0x7167
4542,常,0x5e38
4543,心,0x5fc3
4544,進,0x9032
4545,勢,0x52e2
4546,精,0x7cbe
4547,石,0x77f3
4548,説,0x8aac
4549,浅,0x6d45
4550,素,0x7d20
4551,走,0x8d70
4552,足,0x8db3
4553,損,0x640d
4554,ぼ,0x307c
4555,態,0x614b
4556,谷,0x8c37
4557,池,0x6c60
4558,注,0x6ce8
4559,調,0x8abf
4560,底,0x5e95
4561,天,0x5929
4562,都,0x90fd
4563,湯,0x6e6f
4564,同,0x540c
4565,独,0x72ec
4566,入,0x5165
4567,波,0x6ce2
4568,博,0x535a
4569,ぽ,0x307d
4570,版,0x7248
4571,非,0x975e
4572,氷,0x6c37
4573,夫,0x592b
4574,復,0x5fa9
4575,文,0x6587
4576,返,0x8fd4
4577,報,0x5831
4578,牧,0x7267
4579,民,0x6c11
4580,面,0x9762
4581,薬,0x85ac
4582,予,0x4e88
4583,陽,0x967d
4584,ま,0x307e
4585,律,0x5f8b
4586,量,0x91cf
4587,冷,0x51b7
4588,録,0x9332
4589,み,0x307f
4590,依,0x4f9d
4591,育,0x80b2
4592,雨,0x96e8
4593,益,0x76ca
4594,応,0x5fdc
4595,化,0x5316
4596,歌,0x6b4c
4597,芽,0x82bd
4598,絵,0x7d75
4599,覚,0x899a
4600,勧,0x52e7
4601,間,0x9593
4602,基,0x57fa
4603,紀,0x7d00
4604,む,0x3080
4605,逆,0x9006
4606,給,0x7d66
4607,供,0x4f9b
4608,業,0x696d
4609,銀,0x9280
4610,軍,0x8ecd
4611,計,0x8a08
4612,健,0x5065
4613,県,0x770c
4614,限,0x9650
4615,午,0x5348
4616,効,0x52b9
4617,校,0x6821
4618,高,0x9ad8
4619,め,0x3081
4620,左,0x5de6
4621,祭,0x796d
4622,昨,0x6628
4623,産,0x7523
4624,四,0x56db
4625,支,0x652f
4626,詩,0x8a69
4627,時,0x6642
4628,失,0x5931
4629,借,0x501f
4630,受,0x53d7
4631,秋,0x79cb
4632,宿,0x5bbf
4633,初,0x521d
4634,も,0x3082
4635,商,0x5546
4636,省,0x7701
4637,情,0x60c5
4638,新,0x65b0
4639,人,0x4eba
4640,性,0x6027
4641,聖,0x8056
4642,積,0x7a4d
4643,雪,0x96ea
4644,線,0x7dda
4645,組,0x7d44
4646,送,0x9001
4647,速,0x901f
4648,村,0x6751
4649,や,0x3084
4650,貸,0x8cb8
4651,単,0x5358
4652,置,0x7f6e
4653,虫,0x866b
4654,長,0x9577
4655,庭,0x5ead
4656,展,0x5c55
4657,努,0x52aa
4658,燈,0x71c8
4659,堂,0x5802
4660,読,0x8aad
4661,任,0x4efb
4662,派,0x6d3e
4663,白,0x767d
4664,ゆ,0x3086
4665,犯,0x72af
4666,飛,0x98db
4667,票,0x7968
4668,婦,0x5a66
4669,幅,0x5e45
4670,聞,0x805e
4671,便,0x4fbf
4672,放,0x653e
4673,本,0x672c
4674,務,0x52d9
4675,毛,0x6bdb
4676,訳,0x8a33
4677,余,0x4f59
4678,養,0x990a
4679,よ,0x3088
4680,率,0x7387
4681,領,0x9818
4682,礼,0x793c
4683,論,0x8ad6
4684,ら,0x3089
4685,囲,0x56f2
4686,一,0x4e00
4687,運,0x904b
4688,駅,0x99c5
4689,横,0x6a2a
4690,仮,0x4eee
4691,河,0x6cb3
4692,賀,0x8cc0
4693,開,0x958b
4694,角,0x89d2
4695,完,0x5b8c
4696,関,0x95a2
4697,寄,0x5bc4
4698,規,0x898f
4699,り,0x308a
4700,久,0x4e45
4701,旧,0x65e7
4702,競,0x7af6
4703,局,0x5c40
4704,九,0x4e5d
4705,郡,0x90e1
4706,軽,0x8efd
4707,兼,0x517c
4708,見,0x898b
4709,個,0x500b
4710,後,0x5f8c
4711,厚,0x539a
4712,構,0x69cb
4713,号,0x53f7
4714,る,0x308b
4715,差,0x5dee
4716,細,0x7d30
4717,策,0x7b56
4718,算,0x7b97
4719,士,0x58eb
4720,止,0x6b62
4721,試,0x8a66
4722,次,0x6b21
4723,室,0x5ba4
4724,釈,0x91c8
4725,授,0x6388
4726,終,0x7d42
4727,祝,0x795d
4728,所,0x6240
4729,れ,0x308c
4730,唱,0x5531
4731,称,0x79f0
4732,条,0x6761
4733,森,0x68ee
4734,仁,0x4ec1
4735,成,0x6210
4736,声,0x58f0
4737,績,0x7e3e
4738,絶,0x7d76
4739,船,0x8239
4740,創,0x5275
4741,像,0x50cf
4742,俗,0x4fd7
4743,他,0x4ed6
4744,ろ,0x308d
4745,退,0x9000
4746,炭,0x70ad
4747,築,0x7bc9
4748,著,0x8457
4749,鳥,0x9ce5
4750,弟,0x5f1f
4751,店,0x5e97
4752,度,0x5ea6
4753,当,0x5f53
4754,導,0x5c0e
4755,届,0x5c4a
4756,認,0x8a8d
4757,破,0x7834
4758,麦,0x9ea6
4759,わ,0x308f
4760,飯,0x98ef
4761,備,0x5099
4762,表,0x8868
4763,富,0x5bcc
4764,服,0x670d
4765,兵,0x5175
4766,勉,0x52c9
4767,方,0x65b9
4768,妹,0x59b9
4769,無,0x7121
4770,木,0x6728
4771,油,0x6cb9
4772,預,0x9810
4773,欲,0x6b32
4774,を,0x3092
4775,立,0x7acb
4776,力,0x529b
4777,歴,0x6b74
4778,和,0x548c
4779,ん,0x3093
